name,fluence
GRB080714086,2.523109e-07
GRB080714425,1.522466e-07
GRB080714745,3.632314e-07
GRB080715950,5.801755e-07
GRB080717543,4.870502e-07
GRB080719529,1.967251e-07
GRB080723557,1.240446e-06
GRB080723913,9.170522e-07
GRB080723985,7.774412e-07
GRB080724401,3.368712e-07
GRB080725435,3.060406e-07
GRB080725541,1.824959e-06
GRB080727964,2.162155e-07
GRB080730520,4.707224e-07
GRB080730786,4.665185e-07
GRB080802386,2.429487e-06
GRB080803772,2.344647e-07
GRB080804456,1.133774e-07
GRB080804972,4.739085e-07
GRB080805496,8.749455e-08
GRB080805584,1.616523e-07
GRB080806584,1.889811e-07
GRB080806896,1.385916e-07
GRB080807993,6.213097e-07
GRB080808451,1.366993e-07
GRB080808565,2.013827e-07
GRB080808772,1.672434e-07
GRB080809808,1.377623e-07
GRB080810549,3.538547e-07
GRB080812889,1.817404e-07
GRB080815917,9.697511e-07
GRB080816503,2.914886e-07
GRB080816989,1.049102e-06
GRB080817161,7.168898e-07
GRB080817720,3.478247e-07
GRB080818579,1.487468e-07
GRB080818945,1.289646e-07
GRB080821332,4.540492e-07
GRB080823363,2.947807e-07
GRB080824909,2.990437e-07
GRB080825593,1.223967e-06
GRB080828189,1.986465e-07
GRB080829790,2.248354e-07
GRB080830368,2.464185e-07
GRB080831053,9.395221e-07
GRB080831921,2.163358e-07
GRB080904886,2.250642e-07
GRB080905499,1.233681e-06
GRB080905570,1.510769e-07
GRB080905705,1.750803e-07
GRB080906212,4.428646e-07
GRB080912360,1.859354e-07
GRB080913735,1.341648e-07
GRB080916009,1.085794e-06
GRB080916406,3.341512e-07
GRB080919790,8.688506e-07
GRB080920268,1.531684e-07
GRB080924766,1.818743e-07
GRB080925775,6.415676e-07
GRB080927480,1.542014e-07
GRB080928628,1.622534e-07
GRB081003644,2.506983e-07
GRB081006604,4.224636e-07
GRB081006872,1.993375e-07
GRB081008832,1.755757e-07
GRB081009140,1.16439e-06
GRB081009690,3.726019e-07
GRB081012045,2.044111e-06
GRB081012549,3.008991e-07
GRB081017474,1.119911e-07
GRB081021398,2.465138e-07
GRB081022364,2.34111e-07
GRB081024245,1.395473e-06
GRB081024851,1.189476e-07
GRB081024891,1.036201e-06
GRB081025349,3.767093e-07
GRB081028538,1.600041e-07
GRB081101167,2.481756e-07
GRB081101491,9.764049e-07
GRB081101532,1.628441e-06
GRB081102365,9.865668e-07
GRB081102739,1.261355e-07
GRB081105614,1.919288e-06
GRB081107321,6.521617e-07
GRB081109293,2.314053e-07
GRB081110601,7.63728e-07
GRB081113230,9.585915e-07
GRB081115891,7.294267e-07
GRB081118876,2.822351e-07
GRB081119184,7.966601e-07
GRB081120618,1.32854e-07
GRB081121858,7.252732e-07
GRB081122520,4.82944e-07
GRB081122614,9.522398e-07
GRB081124060,3.833181e-07
GRB081125496,1.368011e-06
GRB081126899,4.341665e-07
GRB081129161,4.999831e-07
GRB081130212,8.115887e-08
GRB081130629,2.691243e-07
GRB081204004,3.152236e-07
GRB081204517,1.476193e-06
GRB081206275,2.866937e-07
GRB081206604,1.553743e-07
GRB081206987,1.459276e-07
GRB081207680,6.10106e-07
GRB081209981,5.829793e-06
GRB081213173,9.606181e-07
GRB081215784,3.318309e-06
GRB081215880,2.226647e-07
GRB081216531,4.837418e-06
GRB081217983,3.436418e-07
GRB081221681,6.864332e-07
GRB081222204,5.921546e-07
GRB081223419,1.069779e-06
GRB081224887,1.638581e-06
GRB081225257,1.599191e-07
GRB081226044,1.448644e-06
GRB081226156,9.118762e-08
GRB081226509,1.47927e-06
GRB081229187,1.339986e-06
GRB081229675,
GRB081230871,9.675092e-07
GRB081231140,5.044868e-07
GRB090101758,3.429926e-07
GRB090102122,9.069681e-07
GRB090107681,3.48431e-07
GRB090108020,1.016211e-06
GRB090108322,1.279395e-06
GRB090109332,4.242052e-07
GRB090112332,2.408375e-07
GRB090112729,5.814168e-07
GRB090113778,2.262735e-07
GRB090117335,3.206055e-07
GRB090117632,1.876371e-07
GRB090117640,1.495833e-07
GRB090120627,1.610893e-06
GRB090126227,1.212891e-07
GRB090126245,
GRB090129880,3.253306e-07
GRB090131090,6.641941e-07
GRB090202347,4.634022e-07
GRB090206620,2.294789e-06
GRB090207777,2.703638e-07
GRB090213236,
GRB090217206,9.688332e-07
GRB090219074,2.510822e-06
GRB090222179,3.384823e-07
GRB090225009,3.028237e-07
GRB090227310,6.149594e-07
GRB090227772,1.282906e-05
GRB090228204,1.004051e-05
GRB090228976,1.39787e-07
GRB090301315,3.501122e-07
GRB090304216,2.787259e-07
GRB090305052,2.15578e-06
GRB090306245,9.444181e-08
GRB090307167,1.003031e-07
GRB090308734,2.131222e-06
GRB090309767,2.186825e-07
GRB090310189,1.510644e-07
GRB090316311,1.73137e-07
GRB090319622,1.767402e-07
GRB090320045,2.503599e-07
GRB090320418,1.837195e-07
GRB090320801,2.397886e-07
GRB090323002,6.751567e-07
GRB090326633,1.473977e-07
GRB090327404,1.575487e-07
GRB090328401,7.682521e-07
GRB090328713,4.289323e-06
GRB090330279,3.55216e-07
GRB090331681,1.58898e-06
GRB090403314,1.489494e-07
GRB090405663,2.560594e-06
GRB090409288,1.972684e-07
GRB090411838,4.825543e-07
GRB090411991,4.394259e-07
GRB090412061,8.608882e-07
GRB090413122,3.069551e-07
GRB090418816,3.702507e-07
GRB090419997,1.805972e-07
GRB090422150,1.458595e-07
GRB090423330,1.728012e-07
GRB090424592,1.444755e-06
GRB090425377,4.381469e-07
GRB090426066,2.047104e-07
GRB090426690,3.980081e-07
GRB090427644,2.898635e-07
GRB090427688,1.120633e-07
GRB090428441,2.425724e-07
GRB090428552,2.645026e-07
GRB090429530,3.652847e-07
GRB090429753,1.044694e-06
GRB090502777,1.208632e-07
GRB090509215,1.897869e-07
GRB090510016,4.976942e-06
GRB090510325,4.514118e-07
GRB090511684,1.948905e-07
GRB090513916,3.701878e-07
GRB090513941,2.202589e-07
GRB090514006,1.258419e-07
GRB090514726,6.860748e-07
GRB090514734,1.744744e-07
GRB090516137,2.619984e-07
GRB090516353,1.798167e-07
GRB090516853,3.548562e-07
GRB090518080,3.626496e-07
GRB090518244,2.472739e-07
GRB090519462,2.341905e-07
GRB090519881,3.11708e-07
GRB090520832,8.392039e-07
GRB090520850,5.823285e-07
GRB090520876,2.373619e-07
GRB090522344,1.348328e-07
GRB090524346,2.914755e-07
GRB090528173,1.981677e-07
GRB090528516,5.225254e-07
GRB090529310,2.506572e-07
GRB090529564,8.031389e-07
GRB090530760,3.533034e-07
GRB090531775,1.695745e-06
GRB090602564,5.946164e-07
GRB090606471,3.157703e-07
GRB090608052,1.592154e-07
GRB090610648,9.260141e-07
GRB090610723,1.153069e-07
GRB090610883,2.072376e-07
GRB090612619,6.969575e-07
GRB090616157,6.920933e-07
GRB090617208,4.396385e-06
GRB090618353,1.739218e-06
GRB090620400,6.669495e-07
GRB090620901,6.857487e-07
GRB090621185,1.183734e-07
GRB090621417,2.541572e-07
GRB090621447,1.960505e-07
GRB090621922,3.850519e-06
GRB090623107,4.700144e-07
GRB090623913,1.16802e-07
GRB090625234,1.474399e-07
GRB090625560,2.486201e-07
GRB090626189,1.023759e-06
GRB090626707,3.230658e-07
GRB090629543,1.353111e-07
GRB090630311,2.305417e-07
GRB090701225,1.669928e-07
GRB090703329,1.799558e-07
GRB090704242,1.972966e-07
GRB090704783,2.154959e-07
GRB090706283,1.787979e-07
GRB090708152,1.083666e-07
GRB090709630,1.952564e-07
GRB090711850,3.404094e-07
GRB090712160,2.375373e-07
GRB090713020,1.461512e-07
GRB090717034,4.320042e-07
GRB090717111,8.271658e-07
GRB090718720,2.324194e-07
GRB090718762,7.296057e-07
GRB090719063,1.703588e-06
GRB090720276,4.280988e-07
GRB090720710,8.40384e-07
GRB090725838,1.741883e-07
GRB090726218,
GRB090730608,2.564486e-07
GRB090802235,4.889616e-06
GRB090802666,1.428408e-07
GRB090804940,1.019135e-06
GRB090805622,1.742987e-07
GRB090807832,2.029578e-07
GRB090809978,1.175523e-06
GRB090810659,2.059908e-07
GRB090810781,1.378016e-07
GRB090811696,4.491037e-07
GRB090813174,5.212597e-07
GRB090814368,3.347353e-06
GRB090814950,3.281905e-07
GRB090815300,8.386382e-08
GRB090815438,1.374346e-07
GRB090815946,1.085005e-07
GRB090817036,2.610671e-07
GRB090819607,2.004012e-06
GRB090820027,4.125025e-06
GRB090820509,1.042194e-07
GRB090823133,1.854303e-07
GRB090824918,1.655662e-07
GRB090826068,1.98882e-07
GRB090828099,4.391763e-07
GRB090829672,8.993247e-07
GRB090829702,1.640531e-07
GRB090831317,2.97722e-07
GRB090902401,1.217782e-06
GRB090902462,6.718278e-06
GRB090904058,3.660326e-07
GRB090904581,3.415065e-07
GRB090907017,3.352274e-07
GRB090907808,1.671115e-06
GRB090908314,2.86629e-07
GRB090908341,3.966605e-07
GRB090909487,4.493993e-07
GRB090909854,1.002206e-06
GRB090910812,4.711271e-07
GRB090912660,9.332362e-08
GRB090915650,2.33378e-07
GRB090917661,2.511612e-07
GRB090920035,1.500879e-07
GRB090922539,4.554244e-07
GRB090922605,4.773162e-07
GRB090924625,2.584937e-06
GRB090925389,3.327906e-07
GRB090926181,3.200386e-06
GRB090926914,1.614843e-07
GRB090927422,7.426754e-07
GRB090928646,5.050813e-07
GRB090929190,1.666975e-06
GRB091002685,2.449001e-07
GRB091003191,1.178442e-06
GRB091005679,1.761087e-07
GRB091006360,5.306093e-07
GRB091010113,1.059024e-06
GRB091012783,4.644942e-06
GRB091013989,9.428384e-08
GRB091015129,3.539409e-07
GRB091017861,2.701222e-07
GRB091017985,1.291423e-07
GRB091018957,2.236273e-06
GRB091019750,1.361873e-06
GRB091020900,3.738947e-07
GRB091020977,4.75097e-07
GRB091023021,2.810796e-07
GRB091024372,5.738767e-07
GRB091024380,2.917171e-07
GRB091026485,1.721999e-07
GRB091026550,4.062792e-07
GRB091030613,2.389038e-07
GRB091030828,6.911259e-07
GRB091031500,8.168498e-07
GRB091101143,4.711889e-07
GRB091102607,4.104666e-07
GRB091103912,3.398163e-07
GRB091106762,1.745037e-07
GRB091107635,2.583195e-07
GRB091109895,1.420766e-07
GRB091112737,4.049696e-07
GRB091112928,2.769127e-07
GRB091115177,2.448754e-07
GRB091117080,1.04392e-07
GRB091120191,4.940326e-07
GRB091122163,2.568019e-07
GRB091123081,1.554389e-07
GRB091123298,2.562461e-07
GRB091126333,1.988262e-06
GRB091126389,
GRB091127976,1.123008e-06
GRB091128285,3.559117e-07
GRB091201089,1.087076e-07
GRB091202072,1.127497e-07
GRB091202219,1.808412e-07
GRB091207333,1.87941e-07
GRB091208410,3.585968e-07
GRB091209001,1.879596e-07
GRB091215234,2.35104e-07
GRB091219462,2.415726e-07
GRB091220442,2.964577e-07
GRB091221870,3.205984e-07
GRB091223191,7.527116e-07
GRB091223511,4.140734e-07
GRB091224373,1.37811e-06
GRB091227294,3.568425e-07
GRB091230260,1.291969e-07
GRB091230712,1.41023e-07
GRB091231206,2.364185e-07
GRB091231540,1.552008e-07
GRB100101028,1.20116e-07
GRB100101988,1.391906e-06
GRB100107074,1.717721e-06
GRB100111176,1.403931e-07
GRB100112418,1.546353e-07
GRB100116897,1.144058e-06
GRB100117879,1.94776e-06
GRB100118100,6.860802e-07
GRB100122616,6.271524e-07
GRB100126460,2.877063e-07
GRB100130729,2.927843e-07
GRB100130777,2.086425e-07
GRB100131730,7.187846e-07
GRB100201588,1.309028e-07
GRB100204024,1.647405e-07
GRB100204566,1.317257e-07
GRB100204858,8.347084e-07
GRB100205490,1.593042e-07
GRB100206563,3.813632e-06
GRB100207665,2.701763e-07
GRB100207721,1.542057e-07
GRB100208386,9.696331e-07
GRB100210101,1.643608e-07
GRB100211440,4.661189e-07
GRB100212550,6.599241e-07
GRB100212588,1.545494e-07
GRB100216422,1.835952e-06
GRB100218194,1.076772e-07
GRB100219026,3.949374e-07
GRB100221368,1.295872e-07
GRB100223110,5.96914e-06
GRB100224112,2.336102e-07
GRB100225115,4.63669e-07
GRB100225249,1.488473e-07
GRB100225580,5.193511e-07
GRB100225703,5.625583e-07
GRB100228544,7.632857e-08
GRB100228873,1.865353e-07
GRB100301068,2.245622e-06
GRB100301223,1.682442e-07
GRB100302061,1.807574e-06
GRB100304004,3.262457e-07
GRB100304534,2.268843e-07
GRB100306199,2.226461e-07
GRB100307928,9.922695e-08
GRB100311518,3.002951e-07
GRB100313288,4.346498e-07
GRB100313509,1.42928e-07
GRB100315361,1.687399e-07
GRB100318611,1.056775e-07
GRB100322045,1.420682e-06
GRB100323542,2.785233e-07
GRB100324172,1.833865e-06
GRB100325246,1.206919e-07
GRB100325275,2.977394e-07
GRB100326294,3.081677e-07
GRB100326402,1.751141e-07
GRB100328141,2.577708e-06
GRB100330309,2.333393e-07
GRB100330856,2.360836e-07
GRB100401297,1.283153e-07
GRB100406758,1.261025e-07
GRB100410356,2.340835e-07
GRB100410740,7.686719e-07
GRB100411516,1.409656e-07
GRB100413732,2.282552e-07
GRB100414097,2.374168e-06
GRB100417166,1.00035e-06
GRB100417789,1.922445e-07
GRB100420008,2.243436e-07
GRB100421917,2.675727e-07
GRB100423244,5.711072e-07
GRB100424729,2.305598e-07
GRB100424876,2.469865e-07
GRB100427356,2.087656e-07
GRB100429999,1.634345e-07
GRB100502356,3.459531e-07
GRB100503554,2.695026e-07
GRB100504806,1.161458e-07
GRB100506653,2.269409e-07
GRB100507577,2.348453e-07
GRB100510810,1.622706e-07
GRB100511035,6.836316e-07
GRB100513879,3.635083e-07
GRB100515467,4.012492e-07
GRB100516369,1.313161e-06
GRB100516396,8.723811e-07
GRB100517072,2.19894e-07
GRB100517132,2.152162e-07
GRB100517154,1.711476e-07
GRB100517243,1.225023e-07
GRB100517639,3.674232e-07
GRB100519204,2.240432e-07
GRB100522157,3.178767e-07
GRB100525744,2.051088e-06
GRB100527795,1.819857e-07
GRB100528075,6.079992e-07
GRB100530737,2.165184e-07
GRB100604287,3.642029e-07
GRB100605774,1.995327e-07
GRB100608382,1.490686e-07
GRB100609783,1.77289e-07
GRB100612545,3.836881e-06
GRB100612726,8.342769e-07
GRB100614498,1.31603e-07
GRB100615083,3.717409e-07
GRB100616773,1.089256e-06
GRB100619015,2.452718e-07
GRB100620119,3.330322e-07
GRB100621452,2.224212e-07
GRB100621529,
GRB100625773,3.996991e-06
GRB100625891,2.405441e-07
GRB100629801,1.776337e-06
GRB100701490,1.260708e-06
GRB100704149,2.424809e-07
GRB100706693,1.841965e-06
GRB100707032,1.007702e-06
GRB100709602,2.079109e-07
GRB100713980,1.02655e-06
GRB100714672,3.342553e-07
GRB100714686,3.515691e-07
GRB100715477,1.735558e-07
GRB100717372,6.342187e-07
GRB100717446,1.295329e-06
GRB100718160,1.106536e-07
GRB100718796,9.810006e-08
GRB100719311,7.883387e-07
GRB100719825,3.234554e-07
GRB100719989,2.088515e-06
GRB100722096,7.569419e-07
GRB100722291,
GRB100724029,9.801564e-07
GRB100725475,1.782664e-07
GRB100727238,1.50837e-07
GRB100728095,6.717821e-07
GRB100728439,3.290189e-07
GRB100730463,1.588858e-07
GRB100802240,1.139926e-07
GRB100804104,7.043104e-07
GRB100805300,4.206858e-06
GRB100805845,2.514093e-07
GRB100810049,3.007081e-07
GRB100811108,7.401924e-06
GRB100811781,1.237243e-07
GRB100814160,2.194563e-07
GRB100814351,4.936505e-07
GRB100816009,3.73886e-07
GRB100816026,6.570949e-07
GRB100819498,2.900635e-07
GRB100820373,1.921932e-07
GRB100825287,2.231222e-07
GRB100826957,1.579149e-06
GRB100827455,5.817783e-06
GRB100829374,2.151998e-07
GRB100829876,1.378807e-06
GRB100831651,1.22812e-07
GRB100902990,1.875346e-07
GRB100905907,2.73189e-07
GRB100906576,5.000788e-07
GRB100907751,1.556243e-07
GRB100910818,7.541211e-07
GRB100911816,2.445945e-07
GRB100915243,2.592457e-07
GRB100916779,7.337589e-07
GRB100918863,1.297195e-06
GRB100919884,3.068809e-07
GRB100922625,5.851006e-07
GRB100923844,1.309669e-07
GRB100924165,3.417422e-07
GRB100926595,2.55592e-07
GRB100926694,1.266188e-07
GRB100929235,2.408083e-07
GRB100929315,2.244893e-07
GRB100929916,3.242404e-06
GRB101002279,1.908196e-07
GRB101003244,2.668315e-07
GRB101004426,9.706093e-08
GRB101008697,2.769925e-07
GRB101010190,9.912267e-08
GRB101011707,6.571656e-07
GRB101013412,3.288035e-07
GRB101014175,1.031409e-06
GRB101015558,2.034929e-07
GRB101016243,4.472468e-07
GRB101017619,1.572692e-07
GRB101021009,4.128597e-07
GRB101021063,9.473276e-07
GRB101023951,8.17294e-07
GRB101024486,4.647204e-07
GRB101025146,2.250362e-07
GRB101025267,
GRB101026034,3.12549e-06
GRB101027230,7.908083e-07
GRB101030664,8.914604e-08
GRB101031625,1.475634e-06
GRB101101744,3.450559e-07
GRB101101899,1.131397e-07
GRB101102840,2.292966e-07
GRB101104810,1.746086e-06
GRB101107011,1.334119e-07
GRB101112924,3.613016e-07
GRB101112984,1.351025e-07
GRB101113483,3.246153e-07
GRB101116481,1.4664e-06
GRB101117496,2.999715e-07
GRB101119685,
GRB101123952,1.900547e-06
GRB101126198,4.364169e-07
GRB101127093,1.61337e-07
GRB101127102,1.672668e-07
GRB101128322,1.727902e-07
GRB101129652,4.890702e-06
GRB101129726,2.825017e-06
GRB101130074,2.135247e-07
GRB101201418,3.613146e-07
GRB101202154,5.974953e-07
GRB101204343,3.097414e-06
GRB101205309,1.973025e-07
GRB101206036,2.659364e-07
GRB101207536,
GRB101208203,1.323269e-06
GRB101208498,7.697977e-07
GRB101211485,2.081259e-07
GRB101213451,4.755349e-07
GRB101213849,1.833963e-07
GRB101214748,1.83592e-06
GRB101214993,2.52459e-07
GRB101216721,9.357719e-07
GRB101219686,9.367427e-08
GRB101220576,2.575661e-07
GRB101220864,1.680634e-07
GRB101223834,1.485277e-07
GRB101224227,9.919509e-07
GRB101224578,1.212533e-07
GRB101224614,1.997014e-07
GRB101224998,1.690041e-07
GRB101225377,6.922678e-07
GRB101227195,3.062754e-07
GRB101227406,8.424679e-07
GRB101227536,5.298779e-07
GRB101231067,8.917883e-07
GRB110101202,6.822501e-07
GRB110101506,1.280752e-07
GRB110102788,4.950875e-07
GRB110105877,2.42071e-07
GRB110106893,1.483788e-07
GRB110107886,9.731436e-08
GRB110108977,2.940682e-07
GRB110112934,1.571993e-06
GRB110117364,3.571658e-07
GRB110117626,6.624974e-07
GRB110118857,2.489196e-07
GRB110119931,1.953018e-07
GRB110120666,1.116816e-06
GRB110123804,1.110934e-06
GRB110124784,2.097032e-07
GRB110125894,2.170295e-07
GRB110128073,1.683546e-07
GRB110130230,1.006948e-07
GRB110131780,8.086722e-07
GRB110201399,8.241613e-07
GRB110204179,2.246388e-07
GRB110205027,4.060773e-07
GRB110205588,2.201904e-07
GRB110206202,2.328765e-07
GRB110207470,2.818008e-07
GRB110207959,2.694093e-07
GRB110209165,3.30896e-07
GRB110212550,5.164792e-06
GRB110213220,3.007963e-07
GRB110213876,1.035135e-06
GRB110217591,2.598221e-07
GRB110220761,2.126342e-07
GRB110221244,3.039617e-07
GRB110226989,1.616178e-07
GRB110227009,6.505123e-07
GRB110227229,1.449068e-07
GRB110227420,1.482899e-07
GRB110228011,1.8723e-07
GRB110228792,1.976074e-07
GRB110301214,2.910019e-06
GRB110302043,1.089217e-07
GRB110304071,1.936561e-07
GRB110307972,8.97165e-07
GRB110311812,1.230884e-07
GRB110316139,8.474693e-07
GRB110318552,3.838576e-07
GRB110319628,1.02882e-07
GRB110319815,3.559703e-07
GRB110321346,1.014457e-07
GRB110322558,1.072924e-07
GRB110328520,3.990101e-07
GRB110331604,7.321052e-07
GRB110401920,3.072172e-06
GRB110402009,5.186164e-07
GRB110407998,1.299016e-06
GRB110409179,3.13399e-06
GRB110410133,1.170142e-07
GRB110410772,9.190319e-08
GRB110411629,1.877183e-07
GRB110412315,1.593704e-07
GRB110413938,2.918891e-07
GRB110415541,4.093873e-07
GRB110420946,2.47239e-06
GRB110421757,2.92759e-07
GRB110422029,1.040637e-06
GRB110424758,1.103193e-06
GRB110426629,1.668455e-07
GRB110428338,1.732473e-07
GRB110428388,1.91851e-06
GRB110430375,1.982467e-07
GRB110503145,3.74094e-07
GRB110505203,3.15315e-07
GRB110509142,1.254277e-07
GRB110509475,1.001495e-06
GRB110511616,1.808813e-07
GRB110517453,9.672945e-07
GRB110517573,3.459732e-07
GRB110520302,2.799384e-07
GRB110521478,6.613286e-07
GRB110522256,2.65319e-07
GRB110522296,3.308401e-07
GRB110522633,8.970575e-07
GRB110523344,2.94731e-07
GRB110526715,2.388215e-06
GRB110528624,4.277009e-08
GRB110529034,4.141596e-06
GRB110529262,3.216227e-07
GRB110529811,1.656527e-07
GRB110531448,1.420255e-07
GRB110601681,4.50803e-07
GRB110605183,4.579623e-07
GRB110605780,5.655693e-07
GRB110609185,1.902227e-07
GRB110609425,1.825826e-07
GRB110610640,3.115158e-07
GRB110613631,2.412354e-07
GRB110616648,1.960687e-07
GRB110618366,7.913295e-07
GRB110618760,2.912593e-07
GRB110622158,5.10944e-07
GRB110624906,1.804735e-07
GRB110625579,1.866739e-07
GRB110625881,1.41409e-06
GRB110626448,2.058883e-07
GRB110629174,4.979109e-07
GRB110702187,1.878514e-07
GRB110703557,2.209279e-07
GRB110705151,1.038266e-05
GRB110705364,4.963943e-07
GRB110706202,3.907662e-07
GRB110706477,3.300667e-07
GRB110706728,2.944126e-07
GRB110706977,3.746883e-07
GRB110709463,3.13551e-07
GRB110709642,9.903071e-07
GRB110709862,2.251751e-07
GRB110710954,3.567024e-07
GRB110716018,2.875717e-07
GRB110717180,5.905646e-06
GRB110717319,6.278154e-07
GRB110720177,4.950373e-07
GRB110721200,1.282512e-06
GRB110722694,5.072878e-07
GRB110722710,3.844436e-07
GRB110725236,1.937375e-07
GRB110726211,1.640948e-07
GRB110728056,1.266364e-06
GRB110729142,2.887604e-07
GRB110730008,1.602153e-07
GRB110730660,1.651487e-07
GRB110731465,1.826238e-06
GRB110801335,1.424436e-06
GRB110803783,9.960674e-08
GRB110806934,1.990518e-07
GRB110809461,3.799127e-07
GRB110812899,1.632748e-07
GRB110813237,3.331185e-07
GRB110817191,1.610505e-06
GRB110818860,2.057929e-07
GRB110819665,5.168942e-07
GRB110820476,1.037372e-07
GRB110824009,6.327943e-07
GRB110825102,1.565193e-06
GRB110825265,7.765139e-08
GRB110828575,5.086773e-07
GRB110831282,1.425337e-07
GRB110901230,1.619202e-07
GRB110903009,5.299058e-07
GRB110903111,3.684232e-07
GRB110904124,2.611296e-07
GRB110904163,1.670622e-07
GRB110904531,2.555943e-07
GRB110906302,3.438771e-07
GRB110909116,1.269272e-06
GRB110911071,
GRB110916016,7.594749e-07
GRB110919634,5.284214e-07
GRB110920338,3.249357e-07
GRB110920546,7.891531e-07
GRB110921444,1.185296e-07
GRB110921577,9.16143e-08
GRB110921912,1.806571e-06
GRB110923481,
GRB110923835,1.815185e-07
GRB110926107,3.014797e-07
GRB110928180,4.214892e-07
GRB110929187,4.455741e-07
GRB110930564,1.585136e-07
GRB111001804,7.598176e-07
GRB111003465,9.684766e-07
GRB111005398,1.395042e-07
GRB111008992,1.007182e-07
GRB111009282,6.010351e-07
GRB111010237,2.074193e-07
GRB111010660,2.841509e-07
GRB111010709,2.219361e-07
GRB111010899,2.235847e-07
GRB111011094,2.305759e-06
GRB111012456,7.089983e-07
GRB111012811,4.319691e-07
GRB111015427,3.625383e-07
GRB111017657,1.203565e-06
GRB111018595,1.602584e-07
GRB111018785,1.528454e-07
GRB111022854,1.361778e-06
GRB111024722,2.896317e-07
GRB111024896,1.001521e-06
GRB111025078,1.292554e-07
GRB111103441,4.208991e-07
GRB111103948,2.411782e-06
GRB111105457,1.175636e-07
GRB111107035,2.024757e-07
GRB111107076,1.585736e-07
GRB111109453,2.967874e-07
GRB111109873,1.034548e-06
GRB111112908,4.133276e-06
GRB111113410,1.78557e-07
GRB111114233,2.07191e-07
GRB111117510,2.143341e-06
GRB111117526,1.94302e-07
GRB111120556,1.246216e-07
GRB111124308,1.915692e-07
GRB111127810,4.449302e-07
GRB111201599,1.700173e-07
GRB111203054,1.314472e-07
GRB111203609,1.480419e-07
GRB111207512,7.622895e-07
GRB111208353,2.097338e-07
GRB111216389,5.282287e-07
GRB111220486,9.252782e-07
GRB111221739,1.028249e-06
GRB111222619,1.494773e-05
GRB111226795,2.370551e-07
GRB111228453,4.515037e-07
GRB111228657,1.999607e-07
GRB111230683,3.285039e-07
GRB111230819,2.817544e-07
GRB111231622,
GRB120101354,9.940724e-07
GRB120102095,6.826988e-07
GRB120102416,2.63411e-07
GRB120105584,1.201796e-07
GRB120107384,3.333197e-07
GRB120109824,1.77551e-07
GRB120111051,9.825113e-08
GRB120114433,2.112457e-07
GRB120114681,2.404274e-07
GRB120117291,
GRB120118709,1.011437e-07
GRB120118898,1.789422e-07
GRB120119170,6.899986e-07
GRB120119229,5.017715e-07
GRB120119354,1.820515e-07
GRB120120432,1.717533e-07
GRB120121101,1.260402e-07
GRB120121251,4.631638e-07
GRB120122300,2.151324e-07
GRB120129312,1.250029e-06
GRB120129580,6.153739e-06
GRB120130699,2.790736e-07
GRB120130906,2.078746e-07
GRB120130938,2.710583e-07
GRB120203812,2.110006e-07
GRB120204054,1.091383e-06
GRB120205285,7.915823e-07
GRB120206949,8.598589e-07
GRB120210650,3.212856e-07
GRB120212353,1.333645e-06
GRB120212383,2.260565e-07
GRB120213606,1.824528e-07
GRB120217808,2.387362e-07
GRB120217904,9.993661e-07
GRB120218276,1.274412e-07
GRB120219563,3.528612e-07
GRB120220210,1.73066e-07
GRB120222021,1.593459e-06
GRB120222119,1.596997e-07
GRB120223933,3.205193e-07
GRB120224282,2.521478e-07
GRB120224898,3.186516e-07
GRB120226447,8.567296e-07
GRB120226871,8.122319e-07
GRB120227391,5.133425e-07
GRB120227725,1.126685e-06
GRB120302080,2.339207e-07
GRB120302722,1.079315e-06
GRB120304061,3.872383e-07
GRB120304248,2.5101e-06
GRB120308588,7.872815e-07
GRB120312671,1.723522e-07
GRB120314412,7.266107e-07
GRB120316008,8.937066e-07
GRB120319983,2.479649e-07
GRB120323162,3.128945e-07
GRB120323507,1.136743e-05
GRB120326056,2.686356e-07
GRB120327418,1.206596e-06
GRB120328268,1.560585e-06
GRB120331055,2.18675e-07
GRB120402669,2.292902e-07
GRB120403857,2.167225e-07
GRB120410585,2.510282e-06
GRB120411925,3.437606e-07
GRB120412055,1.442735e-07
GRB120412920,3.129492e-07
GRB120415076,3.007319e-07
GRB120415891,1.597158e-06
GRB120415958,2.300202e-07
GRB120420249,2.021834e-07
GRB120420858,2.70142e-07
GRB120426090,2.573574e-06
GRB120426585,1.47529e-07
GRB120427054,8.712655e-07
GRB120427153,2.211375e-07
GRB120429003,5.894448e-07
GRB120429484,1.696512e-07
GRB120430980,1.934091e-07
GRB120504468,8.250795e-08
GRB120504945,3.706463e-07
GRB120506128,2.248789e-07
GRB120509619,8.922504e-07
GRB120510900,1.817821e-07
GRB120511638,4.47122e-07
GRB120512112,6.709182e-07
GRB120513531,1.67287e-07
GRB120519721,3.646182e-06
GRB120520949,1.435774e-07
GRB120521380,1.067551e-07
GRB120522361,4.728653e-07
GRB120524134,6.584014e-07
GRB120526303,2.46841e-06
GRB120528442,3.8323e-07
GRB120530121,2.492718e-07
GRB120531393,2.18336e-07
GRB120603439,8.834658e-07
GRB120604220,1.630532e-07
GRB120604343,1.647054e-07
GRB120605453,4.43323e-07
GRB120608489,1.17288e-06
GRB120608777,9.999243e-08
GRB120609580,6.288465e-07
GRB120611108,1.000417e-07
GRB120612680,2.081949e-07
GRB120612687,3.725135e-06
GRB120616630,1.30736e-06
GRB120618128,3.306335e-07
GRB120618919,2.826458e-07
GRB120619884,8.773721e-07
GRB120624309,8.674147e-06
GRB120624933,7.953631e-07
GRB120625119,1.209172e-06
GRB120629565,7.686066e-07
GRB120701654,
GRB120702891,1.55325e-07
GRB120703417,2.098171e-07
GRB120703498,2.399133e-07
GRB120703726,7.4511e-07
GRB120707800,1.684726e-06
GRB120709883,6.584382e-07
GRB120710100,1.390254e-07
GRB120711115,3.349574e-06
GRB120711446,2.245451e-07
GRB120712571,2.15737e-07
GRB120713226,1.288625e-07
GRB120715066,2.100535e-07
GRB120716577,2.467466e-07
GRB120716712,2.382248e-07
GRB120719146,3.551571e-07
GRB120727354,
GRB120727681,5.618073e-07
GRB120728434,9.171731e-07
GRB120728934,2.529217e-07
GRB120729456,3.367363e-07
GRB120801920,5.303645e-07
GRB120805706,
GRB120806007,2.098431e-07
GRB120811014,5.639488e-06
GRB120811649,2.01458e-07
GRB120814201,2.295342e-06
GRB120814803,9.415604e-07
GRB120817057,2.13646e-07
GRB120817168,7.726547e-06
GRB120819048,2.540547e-07
GRB120820585,1.016908e-07
GRB120822628,7.959508e-07
GRB120824594,2.167834e-07
GRB120827216,7.950644e-07
GRB120830212,5.141512e-07
GRB120830297,3.517322e-06
GRB120830702,1.969251e-07
GRB120831901,3.396115e-06
GRB120905657,1.245396e-07
GRB120907017,2.261271e-07
GRB120908873,4.118737e-07
GRB120908938,2.058662e-07
GRB120909070,2.277232e-07
GRB120911298,1.29088e-07
GRB120913846,1.747938e-07
GRB120913997,3.356258e-07
GRB120914144,3.286113e-07
GRB120915000,1.825258e-06
GRB120915474,2.379261e-07
GRB120916085,9.993654e-07
GRB120916173,4.853671e-07
GRB120919052,4.492848e-07
GRB120919309,8.713047e-07
GRB120919816,1.05145e-07
GRB120920003,8.123591e-08
GRB120921877,4.542681e-07
GRB120922939,6.020757e-08
GRB120926335,4.07499e-07
GRB120926426,2.873708e-07
GRB120926753,1.984585e-07
GRB121004211,6.987071e-07
GRB121005030,1.796028e-07
GRB121005340,1.643913e-07
GRB121008424,2.232127e-07
GRB121011469,3.369034e-07
GRB121012724,2.933256e-06
GRB121014638,6.488876e-07
GRB121019233,2.675233e-07
GRB121023322,2.373802e-06
GRB121027038,2.415465e-07
GRB121028280,2.269066e-07
GRB121029350,5.12465e-07
GRB121031949,1.783759e-07
GRB121102064,1.020318e-06
GRB121104627,1.662645e-07
GRB121109338,3.679882e-07
GRB121112806,1.026918e-06
GRB121113544,3.462283e-07
GRB121116459,1.396139e-06
GRB121117018,1.824531e-07
GRB121118576,2.822568e-07
GRB121119579,1.438328e-07
GRB121122564,2.027605e-07
GRB121122870,2.552929e-07
GRB121122885,3.225299e-06
GRB121123421,1.821395e-07
GRB121123442,5.158873e-07
GRB121124606,7.549197e-07
GRB121125356,2.491752e-07
GRB121125469,2.408381e-07
GRB121127914,4.841902e-06
GRB121128212,4.068637e-07
GRB121202181,1.037764e-07
GRB121205507,
GRB121210081,1.839335e-07
GRB121211574,1.208035e-07
GRB121211695,1.681213e-07
GRB121216419,2.228809e-07
GRB121217313,1.566252e-07
GRB121220311,2.419687e-07
GRB121221916,1.699044e-07
GRB121223300,4.30351e-07
GRB121225417,7.922381e-07
GRB121229533,1.648114e-07
GRB121231445,1.08177e-07
GRB130104721,2.553725e-07
GRB130106829,1.372845e-07
GRB130106995,2.737816e-07
GRB130109206,2.11813e-07
GRB130112286,2.198999e-07
GRB130112353,1.278421e-06
GRB130114019,1.499057e-07
GRB130115716,2.528758e-07
GRB130116415,
GRB130117087,1.97839e-07
GRB130118482,1.793696e-07
GRB130121835,6.251103e-07
GRB130123843,
GRB130127299,1.264747e-07
GRB130127743,3.868438e-06
GRB130131511,3.576304e-07
GRB130204484,1.556167e-06
GRB130206482,3.775027e-07
GRB130206817,1.698676e-07
GRB130208684,1.718122e-07
GRB130209961,4.891206e-07
GRB130213905,1.15227e-07
GRB130214137,1.432945e-07
GRB130214800,3.11076e-07
GRB130215063,3.138521e-07
GRB130215649,4.98386e-07
GRB130216790,3.264781e-07
GRB130216927,5.558048e-07
GRB130217688,1.272223e-07
GRB130218261,4.06792e-07
GRB130219197,
GRB130219626,1.440702e-06
GRB130219775,8.031969e-07
GRB130220964,5.663511e-07
GRB130224370,1.455643e-07
GRB130228111,2.848354e-07
GRB130228212,1.069324e-06
GRB130304410,1.136857e-06
GRB130304658,2.292724e-07
GRB130305486,1.044417e-06
GRB130305526,1.638623e-07
GRB130306991,1.460224e-06
GRB130307126,3.734881e-06
GRB130307238,3.216101e-07
GRB130310840,2.098392e-06
GRB130314147,1.740965e-07
GRB130318456,9.734769e-08
GRB130320560,2.36383e-07
GRB130324042,1.270903e-07
GRB130325005,9.734687e-07
GRB130325203,8.096604e-07
GRB130327350,1.534197e-06
GRB130331566,6.752941e-07
GRB130403866,1.58148e-07
GRB130404428,2.091126e-07
GRB130404840,3.683371e-07
GRB130404877,8.45896e-07
GRB130406288,4.059247e-07
GRB130406334,2.13906e-07
GRB130406354,2.108598e-07
GRB130407800,1.376819e-07
GRB130408653,3.475573e-07
GRB130409960,3.539315e-07
GRB130416690,
GRB130416770,2.960877e-06
GRB130418844,1.068217e-07
GRB130420313,1.881138e-07
GRB130420343,2.067331e-07
GRB130420422,4.278586e-07
GRB130420539,1.045278e-07
GRB130425327,9.962179e-07
GRB130427324,5.868698e-06
GRB130502327,1.900198e-06
GRB130502743,2.367385e-07
GRB130503214,1.313802e-06
GRB130504314,1.187763e-05
GRB130504978,1.269736e-06
GRB130505955,5.766798e-07
GRB130507545,2.518421e-07
GRB130509078,3.699465e-07
GRB130509839,7.604148e-08
GRB130510877,1.491571e-07
GRB130514560,3.457954e-07
GRB130515056,4.222516e-06
GRB130515430,8.663185e-08
GRB130515755,1.747032e-07
GRB130517781,4.547181e-07
GRB130518551,9.894873e-07
GRB130518580,1.171923e-06
GRB130522510,2.070089e-07
GRB130523095,2.94885e-07
GRB130523198,3.160788e-07
GRB130527627,3.784384e-07
GRB130528503,1.171401e-07
GRB130528695,1.60534e-07
GRB130530719,1.966652e-07
GRB130604033,4.938379e-07
GRB130606316,3.069066e-07
GRB130606497,2.515427e-06
GRB130609129,1.160097e-07
GRB130609902,1.02272e-06
GRB130610133,1.602353e-07
GRB130611538,1.242636e-07
GRB130612141,1.64335e-07
GRB130612456,5.471654e-07
GRB130614997,5.601047e-07
GRB130615398,3.122726e-07
GRB130617564,1.233314e-06
GRB130620498,1.540558e-07
GRB130622615,4.606801e-07
GRB130623130,2.192891e-07
GRB130623396,1.419783e-07
GRB130623488,1.007198e-07
GRB130623699,2.301492e-07
GRB130623790,2.841867e-07
GRB130624093,2.122506e-07
GRB130626452,1.290816e-06
GRB130626596,1.645815e-07
GRB130627372,1.093079e-07
GRB130628531,3.541952e-07
GRB130628860,3.748105e-06
GRB130630272,9.992673e-07
GRB130701060,1.126733e-06
GRB130701761,3.573053e-06
GRB130702004,9.373631e-08
GRB130702951,1.523374e-07
GRB130704560,2.225385e-06
GRB130705398,9.45508e-07
GRB130706900,1.851433e-06
GRB130707505,
GRB130708488,1.886758e-07
GRB130715906,7.383676e-07
GRB130716352,1.115085e-07
GRB130716442,1.30815e-06
GRB130717734,1.461775e-07
GRB130720116,4.531021e-07
GRB130720582,3.922258e-07
GRB130722021,
GRB130722990,2.362549e-07
GRB130723092,1.620212e-07
GRB130725527,7.144017e-07
GRB130727698,5.082459e-07
GRB130730243,1.014269e-07
GRB130802730,1.444886e-06
GRB130803419,3.003559e-07
GRB130804023,3.49213e-06
GRB130808253,1.272295e-06
GRB130811186,1.785405e-07
GRB130813791,1.250787e-07
GRB130815420,3.519285e-07
GRB130815660,6.997412e-07
GRB130816074,1.262515e-07
GRB130818941,3.403516e-07
GRB130819394,1.206352e-07
GRB130821674,8.168397e-07
GRB130828306,5.483206e-07
GRB130828808,6.099428e-07
GRB130829672,5.137886e-07
GRB130830864,
GRB130830921,2.492847e-07
GRB130831058,8.778422e-08
GRB130903033,9.403652e-08
GRB130905377,4.032286e-07
GRB130906222,1.16591e-07
GRB130906435,2.752932e-07
GRB130907760,2.818737e-07
GRB130908677,1.667586e-07
GRB130909817,8.940629e-08
GRB130912358,2.599485e-06
GRB130919173,7.105522e-07
GRB130919352,2.754492e-07
GRB130919985,3.576799e-07
GRB130924255,1.468023e-07
GRB130924910,4.776385e-07
GRB130925164,1.103226e-07
GRB130925173,3.292617e-07
GRB130925546,1.947518e-07
GRB130928537,2.459721e-07
GRB130929375,1.791004e-07
GRB131002288,2.132932e-07
GRB131004904,5.759253e-07
GRB131006367,1.1222e-06
GRB131006840,2.017807e-07
GRB131008858,4.078151e-07
GRB131011741,2.839018e-07
GRB131014215,9.283642e-06
GRB131014513,2.273058e-07
GRB131018673,9.035584e-08
GRB131020113,2.561975e-07
GRB131021352,2.94601e-07
GRB131024900,2.597452e-07
GRB131028076,4.951692e-06
GRB131028096,1.331863e-07
GRB131029973,3.120454e-07
GRB131029990,1.286999e-07
GRB131030653,1.106831e-07
GRB131030791,2.360787e-07
GRB131031482,3.973178e-07
GRB131102622,1.346136e-07
GRB131105087,3.252349e-07
GRB131108024,2.769531e-07
GRB131108862,1.419921e-06
GRB131110373,1.19666e-07
GRB131113483,2.798654e-07
GRB131117766,1.860456e-07
GRB131118958,1.022414e-06
GRB131119781,1.016595e-07
GRB131122490,1.060089e-06
GRB131123543,3.264532e-07
GRB131125689,2.719969e-07
GRB131126163,8.624679e-06
GRB131127480,1.091672e-07
GRB131127592,1.087242e-06
GRB131127696,1.349445e-07
GRB131128629,4.893039e-07
GRB131202633,1.450027e-07
GRB131202906,2.189049e-07
GRB131204937,1.981424e-07
GRB131209547,5.578086e-07
GRB131209963,4.01769e-07
GRB131211510,1.401246e-07
GRB131212814,1.116624e-07
GRB131214705,6.136734e-07
GRB131215298,6.193058e-07
GRB131216081,6.471533e-07
GRB131217108,2.748485e-06
GRB131217183,4.227606e-07
GRB131217506,2.4339e-07
GRB131229277,1.493582e-06
GRB131230529,2.807297e-07
GRB131230808,9.590745e-08
GRB131231198,2.042497e-06
GRB140102887,1.647347e-06
GRB140104731,2.458234e-07
GRB140105065,1.384341e-06
GRB140105748,1.06003e-06
GRB140106345,1.686585e-07
GRB140108721,5.137765e-07
GRB140109771,9.189649e-07
GRB140109877,
GRB140110263,7.476987e-07
GRB140110411,
GRB140110814,2.405901e-07
GRB140112060,2.079343e-07
GRB140113183,1.041201e-07
GRB140113624,1.193829e-07
GRB140115863,3.758997e-07
GRB140115899,2.437236e-07
GRB140118064,1.086866e-07
GRB140122597,1.872776e-07
GRB140124527,2.966674e-07
GRB140126815,1.261746e-07
GRB140129499,1.353997e-06
GRB140204547,1.26498e-07
GRB140206275,7.156444e-07
GRB140206304,7.715499e-07
GRB140209313,3.447024e-06
GRB140211091,1.548848e-07
GRB140213807,6.330583e-07
GRB140216331,3.52479e-07
GRB140217043,1.119383e-07
GRB140218427,1.124314e-07
GRB140219319,5.104817e-07
GRB140219824,1.571051e-07
GRB140223495,3.642451e-07
GRB140224382,6.551455e-07
GRB140224788,1.874332e-07
GRB140227738,2.487125e-07
GRB140302342,4.203592e-07
GRB140304557,1.449365e-07
GRB140304849,1.565804e-07
GRB140306146,7.414502e-07
GRB140308710,4.81854e-07
GRB140311453,1.314842e-07
GRB140311618,3.140325e-07
GRB140311885,1.512879e-07
GRB140319964,1.806174e-07
GRB140320092,1.74866e-07
GRB140322424,1.412639e-07
GRB140323433,2.699942e-07
GRB140327065,1.878585e-07
GRB140328560,1.19124e-07
GRB140329272,2.096207e-06
GRB140329295,3.961103e-06
GRB140330180,2.713241e-07
GRB140402007,2.580666e-06
GRB140404030,8.778561e-08
GRB140404171,2.762237e-07
GRB140404900,2.12518e-07
GRB140405033,1.584972e-07
GRB140406120,1.479485e-07
GRB140406144,1.011162e-07
GRB140408553,3.323699e-07
GRB140414693,2.583372e-07
GRB140416060,1.392986e-06
GRB140422194,1.217962e-07
GRB140423356,2.47586e-07
GRB140426515,1.623424e-07
GRB140427702,1.48951e-07
GRB140428906,5.079357e-06
GRB140429975,1.127619e-07
GRB140430716,5.202741e-07
GRB140501139,1.207148e-06
GRB140501497,3.662482e-07
GRB140502354,2.00273e-07
GRB140506880,5.04277e-07
GRB140508128,1.0492e-06
GRB140508179,2.94444e-07
GRB140508629,3.281434e-07
GRB140511095,1.41495e-06
GRB140511995,2.334252e-07
GRB140512814,5.075341e-07
GRB140513724,2.010219e-07
GRB140516700,1.27877e-07
GRB140516765,3.594563e-07
GRB140517813,2.818958e-07
GRB140518709,1.455919e-06
GRB140519043,1.300058e-07
GRB140521184,1.338087e-07
GRB140521732,2.780311e-07
GRB140523129,1.845989e-06
GRB140526449,1.097449e-07
GRB140526571,8.884116e-07
GRB140528837,9.748082e-07
GRB140603476,2.08808e-07
GRB140605377,2.649513e-06
GRB140606133,6.723693e-07
GRB140608153,1.897001e-07
GRB140608713,6.293529e-07
GRB140610487,1.002767e-06
GRB140610548,5.428762e-07
GRB140610689,1.61522e-07
GRB140612294,1.362612e-07
GRB140616165,
GRB140619475,1.877714e-06
GRB140619490,2.076619e-06
GRB140620219,2.750887e-07
GRB140621827,1.392755e-06
GRB140623224,1.135913e-07
GRB140624423,2.508034e-06
GRB140626843,7.738581e-07
GRB140627401,1.433262e-07
GRB140628626,1.135065e-07
GRB140628704,2.007208e-07
GRB140630505,2.296123e-07
GRB140701567,2.62739e-07
GRB140701833,3.33113e-07
GRB140703026,1.639087e-07
GRB140705539,1.191537e-07
GRB140706815,1.089747e-07
GRB140709051,2.430997e-07
GRB140709637,1.100693e-07
GRB140710537,1.027569e-06
GRB140710901,1.395097e-07
GRB140711691,
GRB140712706,1.478403e-07
GRB140712973,3.255946e-07
GRB140713780,1.989286e-07
GRB140714268,2.897822e-07
GRB140715231,3.204986e-07
GRB140716306,2.342522e-07
GRB140716436,4.822844e-07
GRB140717827,1.143168e-07
GRB140720158,1.517453e-06
GRB140720280,2.689026e-07
GRB140721336,4.26724e-07
GRB140723067,4.173276e-07
GRB140723499,3.703985e-07
GRB140724533,7.035651e-07
GRB140725583,2.021169e-07
GRB140727748,1.382132e-07
GRB140729026,8.151401e-07
GRB140801792,9.071813e-07
GRB140807500,3.933989e-06
GRB140808038,4.514087e-07
GRB140809133,2.958327e-07
GRB140810782,1.450531e-06
GRB140817229,2.476665e-07
GRB140817293,4.918394e-07
GRB140818229,5.539709e-07
GRB140818781,1.642036e-07
GRB140819160,1.145711e-07
GRB140821997,1.259067e-06
GRB140824548,4.858298e-07
GRB140824606,3.20105e-07
GRB140825328,1.97888e-07
GRB140825980,1.776898e-07
GRB140827763,6.844688e-07
GRB140828288,1.768016e-07
GRB140829880,2.422357e-07
GRB140831215,
GRB140831374,5.163403e-07
GRB140901262,1.494042e-07
GRB140901821,1.629377e-05
GRB140905454,2.727348e-07
GRB140906175,1.675327e-07
GRB140906429,4.847827e-07
GRB140907429,1.188735e-07
GRB140907672,2.034436e-07
GRB140911012,3.910716e-07
GRB140912664,2.528214e-07
GRB140916234,1.906279e-07
GRB140917512,6.089414e-07
GRB140918379,9.515386e-08
GRB140919636,1.393179e-07
GRB140928100,3.323182e-07
GRB140928437,1.054332e-06
GRB140929677,7.054821e-08
GRB140930134,5.040239e-07
GRB141003564,2.8185e-07
GRB141003788,3.042389e-07
GRB141004150,3.520375e-07
GRB141004973,4.087297e-07
GRB141005217,5.137952e-07
GRB141005535,1.570901e-07
GRB141011282,5.416778e-06
GRB141011467,6.53681e-07
GRB141012773,5.083238e-07
GRB141013803,2.101998e-07
GRB141016897,2.193077e-07
GRB141020439,
GRB141022061,1.441318e-07
GRB141022087,8.805819e-06
GRB141026742,2.22486e-07
GRB141028455,8.69323e-07
GRB141029134,3.878586e-07
GRB141030746,1.878651e-07
GRB141031257,1.325256e-07
GRB141031304,2.812929e-07
GRB141031998,1.136619e-06
GRB141102112,1.535884e-06
GRB141102536,2.10488e-06
GRB141102779,1.330198e-07
GRB141105358,1.561977e-07
GRB141105406,1.74907e-06
GRB141109447,2.490799e-07
GRB141110232,1.584336e-07
GRB141111435,8.834787e-07
GRB141112539,1.590175e-07
GRB141112828,1.133427e-07
GRB141113346,8.07002e-07
GRB141114687,1.556354e-07
GRB141118678,5.786813e-07
GRB141121414,2.11488e-07
GRB141122087,1.940155e-06
GRB141122875,9.925306e-08
GRB141122956,1.435981e-07
GRB141124277,9.554465e-07
GRB141126233,6.268902e-07
GRB141128962,1.071938e-06
GRB141202470,3.156374e-06
GRB141205018,2.471334e-07
GRB141205337,1.297032e-06
GRB141205763,4.503882e-07
GRB141206254,1.750222e-07
GRB141207800,1.436675e-06
GRB141208038,1.5564e-07
GRB141208632,8.441308e-07
GRB141209131,2.629673e-07
GRB141213300,8.74242e-07
GRB141215560,2.007568e-06
GRB141220252,6.042772e-07
GRB141221338,2.806296e-07
GRB141221897,2.54008e-07
GRB141222298,1.817305e-06
GRB141222691,5.579162e-07
GRB141223240,1.336394e-07
GRB141225959,2.518111e-07
GRB141226880,1.386609e-07
GRB141229492,5.118892e-07
GRB141229911,1.08616e-07
GRB141230142,3.563306e-07
GRB141230834,1.144717e-07
GRB141230871,1.335766e-06
GRB150101270,1.121781e-06
GRB150101641,8.31359e-07
GRB150105257,3.729265e-07
GRB150106921,1.970041e-07
GRB150110433,1.666238e-07
GRB150110923,1.676807e-07
GRB150118409,2.325851e-06
GRB150118927,3.724721e-06
GRB150120123,5.224112e-07
GRB150120685,5.050247e-07
GRB150122960,2.68467e-07
GRB150126868,3.818742e-07
GRB150127398,6.991578e-07
GRB150127589,7.831624e-07
GRB150127935,1.291735e-07
GRB150128624,1.991559e-06
GRB150128791,
GRB150131335,2.566721e-07
GRB150131951,2.920172e-07
GRB150201040,
GRB150201574,1.710004e-06
GRB150201590,
GRB150202999,6.528014e-07
GRB150203173,9.666289e-08
GRB150203545,1.610841e-07
GRB150204272,2.333249e-07
GRB150206285,2.030092e-07
GRB150206407,1.898885e-07
GRB150208573,
GRB150208929,9.694548e-07
GRB150210935,9.604931e-07
GRB150211239,1.457661e-07
GRB150213001,2.14229e-06
GRB150214293,1.470248e-06
GRB150215026,
GRB150216415,7.805563e-08
GRB150219522,2.994024e-07
GRB150220598,4.047844e-07
GRB150222450,7.183799e-07
GRB150222832,1.025786e-07
GRB150226223,
GRB150226545,1.7847e-07
GRB150226948,2.265601e-07
GRB150227702,1.294973e-07
GRB150228845,1.467526e-06
GRB150228981,3.155792e-07
GRB150301045,1.191277e-06
GRB150301818,3.300062e-07
GRB150303516,1.636458e-07
GRB150305724,2.761973e-07
GRB150306993,1.124015e-06
GRB150309958,7.004814e-07
GRB150312403,1.267133e-06
GRB150313657,1.799298e-07
GRB150314205,4.609162e-06
GRB150316400,4.424544e-07
GRB150318521,9.909355e-08
GRB150319271,7.745824e-07
GRB150320462,8.570222e-06
GRB150322066,6.0261e-07
GRB150323395,3.409379e-07
GRB150323712,7.498368e-08
GRB150324164,1.230924e-06
GRB150324319,3.849397e-07
GRB150325696,1.663659e-06
GRB150326521,2.935237e-07
GRB150326542,1.10371e-07
GRB150329288,1.932262e-07
GRB150330828,1.441066e-06
GRB150403913,1.615666e-06
GRB150404733,1.773393e-07
GRB150411026,1.983604e-07
GRB150412507,4.815436e-07
GRB150412931,1.442575e-06
GRB150415029,1.660079e-07
GRB150416773,3.918519e-07
GRB150418819,1.175059e-07
GRB150422294,8.512427e-08
GRB150422703,6.316004e-07
GRB150423285,1.980537e-07
GRB150424403,1.163016e-07
GRB150425617,3.376536e-07
GRB150426594,5.070586e-07
GRB150428305,8.370091e-08
GRB150430015,5.715739e-07
GRB150501017,1.920648e-07
GRB150502435,2.187796e-07
GRB150506398,4.393107e-07
GRB150506630,2.377466e-06
GRB150506972,1.326642e-06
GRB150507026,5.10431e-07
GRB150508945,1.117007e-07
GRB150510139,1.647749e-06
GRB150511362,2.077589e-07
GRB150512432,1.939229e-07
GRB150513856,1.900641e-07
GRB150514774,4.079973e-07
GRB150520893,9.805944e-08
GRB150522433,1.942269e-07
GRB150522944,5.932406e-07
GRB150523396,9.772675e-07
GRB150523690,2.506213e-07
GRB150527283,2.530577e-07
GRB150527662,1.70316e-07
GRB150528656,3.429695e-07
GRB150530488,4.201826e-07
GRB150601904,6.422747e-07
GRB150602840,4.043367e-07
GRB150603105,1.050355e-07
GRB150603823,1.737601e-07
GRB150604284,2.436946e-07
GRB150604434,2.244037e-06
GRB150605782,1.263631e-06
GRB150607330,3.669492e-07
GRB150609316,1.240235e-06
GRB150612702,3.362104e-07
GRB150613420,1.048409e-07
GRB150613995,2.003671e-07
GRB150614073,3.595345e-07
GRB150618674,5.234425e-07
GRB150619287,3.167109e-07
GRB150622393,4.793521e-07
GRB150627183,1.729759e-06
GRB150628767,1.206456e-06
GRB150629564,1.481604e-06
GRB150630223,7.239651e-07
GRB150630958,3.707095e-07
GRB150702998,7.553978e-07
GRB150703149,1.235207e-07
GRB150703259,2.453863e-07
GRB150705009,2.410527e-07
GRB150705588,7.008674e-07
GRB150707124,3.083789e-07
GRB150708339,1.955758e-07
GRB150710646,7.33823e-08
GRB150711766,1.232095e-07
GRB150712846,1.815529e-07
GRB150715136,9.739665e-07
GRB150716552,2.070267e-07
GRB150717795,2.792345e-07
GRB150718656,1.726386e-07
GRB150721242,3.401705e-07
GRB150721431,9.162872e-07
GRB150721732,2.053927e-07
GRB150723608,1.335184e-07
GRB150724398,1.527059e-07
GRB150724782,8.176387e-07
GRB150726877,2.673669e-07
GRB150727793,1.995662e-07
GRB150728151,1.053901e-06
GRB150729517,5.781237e-07
GRB150802127,3.017348e-07
GRB150802207,1.501145e-07
GRB150804806,1.546089e-07
GRB150805445,1.95866e-07
GRB150805746,4.180391e-07
GRB150806348,1.63315e-07
GRB150809516,1.964479e-07
GRB150810485,4.429366e-06
GRB150811849,6.523521e-06
GRB150815604,1.550491e-07
GRB150817087,2.905488e-07
GRB150817251,4.407085e-07
GRB150819440,7.818936e-06
GRB150820880,1.957522e-07
GRB150821406,5.238389e-07
GRB150822178,2.348194e-07
GRB150824079,1.250243e-06
GRB150824125,1.585155e-07
GRB150826557,1.510394e-07
GRB150827785,2.186771e-07
GRB150828333,2.937018e-07
GRB150828901,2.460751e-07
GRB150830128,1.271505e-07
GRB150831930,2.436937e-07
GRB150901924,1.081146e-06
GRB150902733,2.670728e-06
GRB150904479,2.038289e-07
GRB150906944,2.704371e-06
GRB150908408,1.543185e-07
GRB150911315,1.998485e-07
GRB150911588,1.895774e-07
GRB150912443,1.979692e-07
GRB150912600,1.297274e-06
GRB150913161,5.202151e-07
GRB150917148,
GRB150919606,2.828896e-07
GRB150922234,3.796745e-06
GRB150922718,2.108218e-07
GRB150922883,3.193569e-07
GRB150923297,1.17603e-06
GRB150923429,1.293908e-06
GRB150923864,8.202506e-07
GRB150923995,2.805535e-07
GRB150928359,1.605758e-07
GRB151001348,2.273179e-07
GRB151001628,2.507098e-07
GRB151003729,3.055694e-07
GRB151006413,2.95064e-07
GRB151009949,1.863636e-07
GRB151011136,2.711119e-07
GRB151014592,1.173528e-07
GRB151021791,1.259378e-06
GRB151022577,1.126393e-06
GRB151023104,1.504165e-07
GRB151024179,2.071052e-07
GRB151026169,2.415176e-07
GRB151026523,1.93416e-07
GRB151027166,3.462271e-07
GRB151030999,7.282623e-07
GRB151107851,4.664432e-07
GRB151111356,9.580288e-08
GRB151114645,1.301567e-07
GRB151117442,2.641523e-07
GRB151118554,1.585481e-07
GRB151120349,3.669462e-07
GRB151122709,1.347866e-07
GRB151126293,1.446147e-07
GRB151129333,1.874572e-07
GRB151130160,1.934743e-07
GRB151202565,2.193666e-06
GRB151205657,2.237326e-07
GRB151210041,1.172499e-07
GRB151211672,1.796692e-07
GRB151212030,1.777679e-07
GRB151212064,6.297519e-07
GRB151218857,2.467611e-07
GRB151219567,1.846862e-07
GRB151222340,3.901641e-06
GRB151227072,7.907201e-07
GRB151227218,1.160083e-06
GRB151228129,4.374826e-06
GRB151228949,1.338734e-07
GRB151229285,3.294952e-07
GRB151229486,1.155908e-06
GRB151231443,2.486714e-06
GRB151231568,2.146361e-06
GRB160101030,1.573676e-06
GRB160101215,3.198548e-07
GRB160102500,1.930251e-07
GRB160102936,2.110137e-07
GRB160104475,1.621056e-07
GRB160104918,1.043756e-07
GRB160106948,1.063155e-06
GRB160107931,2.834913e-07
GRB160111115,2.154382e-07
GRB160113398,7.409379e-07
GRB160118060,7.057659e-07
GRB160119072,2.442832e-07
GRB160123095,1.327185e-07
GRB160125368,1.810696e-07
GRB160131116,1.449697e-07
GRB160131174,1.817787e-07
GRB160201883,5.408904e-07
GRB160206430,3.678255e-07
GRB160211119,5.881244e-07
GRB160215773,8.641131e-07
GRB160216801,7.871182e-07
GRB160218711,1.316811e-07
GRB160219289,3.626333e-07
GRB160219673,1.666954e-07
GRB160220059,1.365106e-07
GRB160220868,1.708886e-07
GRB160221993,1.704822e-07
GRB160222070,9.915715e-08
GRB160223072,2.856686e-07
GRB160223416,4.15461e-07
GRB160223670,2.794855e-07
GRB160224911,7.552158e-07
GRB160225720,1.259578e-07
GRB160225809,3.97199e-07
GRB160226913,1.364536e-07
GRB160227831,1.12892e-06
GRB160228034,1.098468e-07
GRB160301215,2.517419e-07
GRB160303201,3.926257e-07
GRB160303971,1.154806e-07
GRB160308709,3.004516e-07
GRB160310016,2.608398e-07
GRB160310291,1.866116e-07
GRB160314473,8.748266e-07
GRB160314929,2.639508e-07
GRB160315739,1.415057e-07
GRB160316139,1.30292e-07
GRB160316573,5.857356e-07
GRB160317385,8.206942e-07
GRB160318342,1.796296e-07
GRB160323293,1.575845e-07
GRB160325291,6.250174e-07
GRB160326062,2.243371e-07
GRB160330827,2.841329e-07
GRB160401065,3.443294e-07
GRB160406023,1.167019e-07
GRB160406503,3.01957e-06
GRB160406570,1.62648e-07
GRB160407673,3.826016e-07
GRB160408268,3.346846e-06
GRB160411062,8.282623e-07
GRB160416022,1.419314e-07
GRB160419637,3.946805e-07
GRB160421137,1.16644e-06
GRB160422499,2.760907e-06
GRB160423066,1.657903e-07
GRB160424492,3.495705e-07
GRB160428412,1.073231e-06
GRB160503567,1.186949e-07
GRB160508290,1.893498e-07
GRB160509374,1.192085e-06
GRB160512199,2.394357e-07
GRB160512536,1.127854e-07
GRB160513553,
GRB160513962,1.23813e-07
GRB160515819,1.580462e-07
GRB160516237,
GRB160518039,2.933517e-07
GRB160518985,1.336251e-07
GRB160519012,8.502163e-08
GRB160519060,1.610154e-07
GRB160519677,1.291676e-07
GRB160521385,1.902351e-06
GRB160521839,2.161364e-07
GRB160522445,1.703613e-07
GRB160523919,1.315793e-07
GRB160527080,1.969876e-07
GRB160528276,2.719203e-07
GRB160530667,2.751794e-06
GRB160603719,1.185448e-06
GRB160605847,4.564721e-07
GRB160609690,
GRB160609941,1.900577e-07
GRB160612842,3.523349e-06
GRB160621497,1.351526e-07
GRB160623209,1.882087e-07
GRB160624477,1.019384e-06
GRB160625230,2.61132e-07
GRB160625240,1.559394e-07
GRB160625945,1.626675e-06
GRB160628136,3.934883e-07
GRB160628579,2.359276e-07
GRB160629930,3.14075e-07
GRB160709370,2.501297e-07
GRB160709826,
GRB160710233,1.519879e-07
GRB160711968,1.395253e-07
GRB160714097,8.619411e-07
GRB160716144,1.218532e-07
GRB160717813,2.812092e-07
GRB160718975,2.804191e-07
GRB160720275,2.630455e-07
GRB160720767,9.956492e-07
GRB160721806,4.842684e-07
GRB160724444,5.86224e-07
GRB160726065,2.096282e-06
GRB160727971,1.62448e-07
GRB160728337,1.456034e-07
GRB160731024,1.435109e-07
GRB160802259,3.904226e-06
GRB160804065,1.266848e-07
GRB160804180,2.798963e-06
GRB160804775,3.411051e-07
GRB160804968,2.394805e-06
GRB160806584,9.742097e-07
GRB160813297,1.975449e-07
GRB160814622,
GRB160815299,1.735788e-07
GRB160815490,1.820203e-07
GRB160816414,2.03893e-07
GRB160816730,2.095356e-06
GRB160818198,1.757603e-07
GRB160818230,1.142466e-06
GRB160819852,5.043661e-07
GRB160820496,2.010073e-06
GRB160821857,3.058436e-06
GRB160821937,5.838311e-07
GRB160822672,6.010306e-06
GRB160824598,3.371481e-06
GRB160825799,2.711548e-07
GRB160826938,4.588242e-07
GRB160827586,1.989541e-07
GRB160827616,3.022439e-07
GRB160827837,1.601744e-07
GRB160829334,1.843731e-06
GRB160831411,4.11399e-07
GRB160905471,2.50427e-06
GRB160908136,1.71193e-07
GRB160909061,1.288764e-07
GRB160910722,1.557709e-06
GRB160912350,2.01131e-07
GRB160912521,4.750169e-07
GRB160912674,1.232989e-07
GRB160917456,5.812962e-07
GRB160917479,4.99572e-07
GRB160917921,1.914384e-07
GRB160919613,1.108289e-07
GRB160919858,1.280908e-07
GRB160920249,3.193619e-07
GRB160921087,1.184899e-07
GRB160922856,9.95669e-08
GRB160924253,2.075347e-07
GRB160925221,1.085123e-07
GRB160928825,6.497353e-07
GRB160929529,1.633948e-07
GRB161001045,5.781031e-07
GRB161004964,9.359713e-07
GRB161005977,1.354731e-07
GRB161007009,1.397394e-07
GRB161009651,1.109165e-07
GRB161012214,1.376872e-07
GRB161012416,1.695589e-07
GRB161012637,1.788365e-07
GRB161013948,2.614095e-07
GRB161014522,2.168075e-07
GRB161015400,1.139437e-06
GRB161015710,5.883919e-07
GRB161017745,3.784585e-07
GRB161020024,2.042722e-07
GRB161020759,6.981283e-07
GRB161020767,2.609683e-07
GRB161022114,3.330556e-07
GRB161026373,8.442559e-07
GRB161105417,4.509485e-07
GRB161106499,6.857001e-07
GRB161106786,2.015153e-07
GRB161109263,6.700082e-07
GRB161110179,6.812328e-07
GRB161111197,1.089407e-07
GRB161112496,2.128629e-07
GRB161115745,1.562981e-06
GRB161117066,2.512214e-07
GRB161119633,1.316706e-07
GRB161121186,
GRB161125931,1.824421e-07
GRB161128216,2.121839e-07
GRB161129300,2.222811e-07
GRB161201342,3.045306e-07
GRB161205561,1.990539e-07
GRB161206064,8.985356e-07
GRB161207224,2.891594e-07
GRB161207813,1.167958e-07
GRB161210524,2.814318e-07
GRB161212652,2.16164e-07
GRB161213295,
GRB161214722,2.229614e-07
GRB161217128,1.799307e-07
GRB161218222,5.859752e-06
GRB161218356,2.613273e-06
GRB161220605,3.574057e-07
GRB161227498,3.04126e-07
GRB161228032,2.460045e-07
GRB161228388,8.80361e-08
GRB161228405,1.563946e-07
GRB161228553,2.049683e-07
GRB161229878,9.536031e-07
GRB161230298,2.027178e-06
GRB161230511,1.641248e-07
GRB170101116,7.111461e-07
GRB170101374,2.507697e-07
GRB170106968,
GRB170109137,2.567499e-07
GRB170110967,1.796521e-07
GRB170111760,2.345516e-06
GRB170111815,2.464068e-07
GRB170112970,2.116302e-07
GRB170113420,2.143906e-07
GRB170114833,4.115936e-07
GRB170114917,9.862956e-07
GRB170115662,1.498655e-07
GRB170115743,1.700507e-06
GRB170116238,4.359742e-07
GRB170119228,1.270009e-07
GRB170120471,1.575959e-07
GRB170121067,9.020917e-07
GRB170121133,1.044539e-06
GRB170121614,5.898042e-07
GRB170124238,2.429716e-07
GRB170124528,2.328204e-06
GRB170124874,3.05408e-07
GRB170125022,1.86031e-07
GRB170125102,
GRB170126480,5.562371e-07
GRB170127067,2.946467e-05
GRB170127634,1.851996e-06
GRB170130302,2.126219e-07
GRB170130510,2.041611e-07
GRB170130697,1.756908e-07
GRB170131969,2.049139e-07
GRB170203486,1.334781e-06
GRB170205521,4.388668e-07
GRB170206453,5.492775e-06
GRB170207906,1.317908e-06
GRB170208553,4.269721e-07
GRB170208758,3.677759e-07
GRB170208940,4.573531e-07
GRB170209048,4.855255e-07
GRB170210116,1.023743e-06
GRB170212034,3.178275e-07
GRB170214649,1.2762e-06
GRB170219002,5.608177e-06
GRB170219110,1.280297e-07
GRB170222209,3.640683e-06
GRB170228773,3.503067e-07
GRB170228794,6.161544e-07
GRB170301812,2.262979e-07
GRB170302166,2.372531e-07
GRB170302719,1.2608e-07
GRB170302876,9.712549e-08
GRB170304003,8.443737e-07
GRB170305256,2.014665e-06
GRB170306130,1.763913e-07
GRB170306588,
GRB170307851,9.300855e-08
GRB170308221,9.69506e-07
GRB170310417,1.966888e-07
GRB170310883,2.682036e-07
GRB170313125,1.712171e-07
GRB170315582,1.062177e-07
GRB170316710,2.428228e-07
GRB170317666,3.042244e-07
GRB170318644,2.585696e-07
GRB170323058,1.602997e-07
GRB170323775,1.223449e-07
GRB170325331,2.045333e-06
GRB170326489,2.356367e-07
GRB170329387,7.884225e-07
GRB170402285,6.263733e-07
GRB170402961,1.591463e-07
GRB170403583,2.129858e-06
GRB170403707,4.655715e-07
GRB170405777,8.076867e-07
GRB170409112,2.52847e-06
GRB170412917,2.202042e-07
GRB170412988,4.863364e-07
GRB170414551,2.43259e-07
GRB170416583,3.097327e-07
GRB170419898,2.808557e-07
GRB170419983,1.297085e-07
GRB170422343,8.019857e-07
GRB170423719,5.103015e-07
GRB170423872,5.233056e-07
GRB170424425,5.537773e-07
GRB170428136,1.489198e-07
GRB170429799,2.030718e-07
GRB170430204,
GRB170501467,2.819486e-07
GRB170504734,
GRB170506169,2.68559e-06
GRB170510217,7.772277e-07
GRB170511249,6.150177e-07
GRB170511477,
GRB170511648,3.865154e-07
GRB170514152,1.261861e-07
GRB170514180,4.000162e-07
GRB170516808,3.168021e-07
GRB170520202,1.453198e-07
GRB170521882,3.09285e-07
GRB170522657,1.75189e-06
GRB170527480,1.310968e-06
GRB170530581,1.2918e-07
GRB170604603,3.48249e-06
GRB170606968,3.799998e-07
GRB170607946,1.925918e-06
GRB170607971,5.443929e-07
GRB170610689,3.947146e-07
GRB170611937,7.646971e-08
GRB170614255,2.571971e-07
GRB170614486,9.129718e-07
GRB170614505,1.699637e-07
GRB170616047,1.604279e-07
GRB170616165,1.856373e-07
GRB170618475,3.605552e-07
GRB170621784,1.821641e-07
GRB170625692,7.381581e-08
GRB170626401,9.734864e-07
GRB170627931,1.988642e-07
GRB170629537,1.928324e-07
GRB170705115,4.878589e-07
GRB170705200,1.678144e-07
GRB170705244,1.92826e-07
GRB170708046,3.583336e-06
GRB170709334,1.93012e-06
GRB170710340,1.942241e-07
GRB170711019,2.041951e-07
GRB170711713,2.154315e-06
GRB170711931,2.232248e-07
GRB170714049,1.098213e-06
GRB170715878,1.533959e-07
GRB170717952,1.871102e-07
GRB170718152,1.992479e-07
GRB170722525,2.911518e-07
GRB170723076,1.546892e-07
GRB170723677,1.607018e-07
GRB170723882,1.961109e-07
GRB170724543,4.049503e-07
GRB170726249,5.270414e-07
GRB170726794,2.868248e-07
GRB170727841,1.339018e-07
GRB170728961,2.060611e-07
GRB170730133,2.592123e-07
GRB170731751,1.43673e-07
GRB170801690,2.056338e-07
GRB170802638,8.49436e-07
GRB170803172,2.006982e-07
GRB170803415,1.739265e-07
GRB170803729,4.038658e-07
GRB170804911,1.457619e-07
GRB170805901,2.040934e-07
GRB170808065,3.880245e-07
GRB170808936,2.499396e-06
GRB170810918,1.98752e-07
GRB170813051,3.654816e-07
GRB170816258,2.087861e-07
GRB170816599,5.46731e-06
GRB170817529,6.032453e-07
GRB170817908,1.335717e-06
GRB170818137,1.181399e-06
GRB170821265,1.381168e-07
GRB170825307,7.666873e-07
GRB170825500,6.720517e-07
GRB170825784,1.949892e-07
GRB170826369,2.251396e-06
GRB170826819,1.760245e-06
GRB170827818,8.523304e-07
GRB170829414,1.956918e-07
GRB170829674,1.277883e-07
GRB170830069,1.874661e-07
GRB170830135,2.387494e-07
GRB170830328,3.102163e-07
GRB170831179,2.678501e-07
GRB170901007,2.38219e-07
GRB170901255,1.187532e-07
GRB170901345,4.18307e-07
GRB170903534,1.746432e-07
GRB170906030,9.40431e-07
GRB170906039,2.079258e-07
GRB170906485,1.480296e-07
GRB170910368,2.420995e-07
GRB170911267,1.701735e-07
GRB170912273,2.725842e-07
GRB170912985,1.156644e-06
GRB170915161,4.822439e-07
GRB170915520,1.522781e-06
GRB170916700,3.693204e-07
GRB170918139,8.365337e-07
GRB170921168,1.340674e-06
GRB170923101,2.227728e-07
GRB170923188,3.605566e-07
GRB170923566,1.769225e-07
GRB170926528,2.538818e-07
GRB170926782,5.430311e-07
GRB170928607,1.82902e-07
GRB170929513,1.392371e-07
GRB170929699,2.646056e-07
GRB171002969,2.951793e-07
GRB171004672,2.579823e-07
GRB171004857,2.677689e-07
GRB171007498,2.82804e-07
GRB171008080,
GRB171009138,1.443381e-07
GRB171010792,3.327253e-06
GRB171010875,1.129641e-07
GRB171011162,1.999184e-07
GRB171011810,7.45769e-07
GRB171013350,3.218914e-07
GRB171017823,1.614654e-07
GRB171020813,1.080876e-07
GRB171022085,2.258856e-07
GRB171022885,5.558641e-07
GRB171023097,1.537175e-07
GRB171024977,1.111072e-07
GRB171025213,2.3542e-07
GRB171025416,2.480818e-07
GRB171025913,1.552666e-07
GRB171029020,2.505737e-07
GRB171030729,2.190271e-06
GRB171102107,8.364323e-07
GRB171103655,1.273456e-07
GRB171106498,3.090382e-07
GRB171108656,8.578084e-07
GRB171112868,1.916561e-07
GRB171117515,2.55861e-07
GRB171119992,2.665679e-06
GRB171120556,9.100127e-07
GRB171124235,5.762685e-07
GRB171126216,2.027162e-07
GRB171126235,1.379359e-06
GRB171201068,2.419046e-07
GRB171202113,1.207536e-07
GRB171206122,5.23292e-07
GRB171207055,2.068405e-06
GRB171207809,1.477193e-07
GRB171208733,2.372852e-07
GRB171209671,3.197881e-07
GRB171210493,5.030084e-07
GRB171211844,2.845484e-07
GRB171212222,1.56512e-07
GRB171212434,1.765514e-07
GRB171212948,1.20551e-07
GRB171213061,2.960279e-07
GRB171215705,3.313808e-07
GRB171219279,1.081321e-06
GRB171222684,8.344828e-08
GRB171223818,3.289266e-06
GRB171227000,5.377858e-06
GRB171230048,5.883034e-07
GRB171230119,1.663048e-06
GRB171230955,2.381681e-07
GRB180102660,1.341057e-07
GRB180103090,
GRB180110608,
GRB180111815,1.197498e-07
GRB180112842,5.707731e-07
GRB180113011,1.418154e-06
GRB180113116,8.720024e-07
GRB180113418,3.296502e-06
GRB180116026,1.4954e-07
GRB180116678,1.427767e-07
GRB180119837,3.72672e-07
GRB180120207,1.484115e-06
GRB180122129,2.063799e-07
GRB180123820,5.436477e-07
GRB180124392,2.851925e-07
GRB180125891,5.373542e-07
GRB180126095,5.359146e-07
GRB180127049,2.539975e-07
GRB180127879,2.032091e-07
GRB180128215,1.735325e-06
GRB180128252,4.792234e-07
GRB180128881,
GRB180130049,3.587057e-07
GRB180130744,9.235828e-07
GRB180131528,7.676285e-07
GRB180201706,1.118464e-06
GRB180201780,6.523111e-06
GRB180204109,3.222304e-06
GRB180205184,1.988874e-07
GRB180205323,1.49576e-07
GRB180206203,1.177099e-06
GRB180208764,2.503098e-07
GRB180210517,8.666984e-07
GRB180210991,3.678083e-07
GRB180211754,1.092005e-07
GRB180218635,4.916612e-06
GRB180219482,4.292799e-07
GRB180222239,2.61892e-07
GRB180225417,1.589899e-06
GRB180227211,1.21723e-06
GRB180305393,2.392266e-06
GRB180306479,3.315309e-07
GRB180306973,2.829434e-07
GRB180307073,2.853426e-07
GRB180309322,3.377746e-07
GRB180311074,1.812313e-06
GRB180313978,4.116517e-06
GRB180314030,5.163882e-07
GRB180330891,2.247933e-07
GRB180401280,3.016937e-07
GRB180401846,6.331413e-07
GRB180402406,5.720904e-06
GRB180402481,2.371787e-06
GRB180403565,4.455456e-07
GRB180404091,4.81593e-07
GRB180404848,1.207254e-06
GRB180405169,2.585731e-07
GRB180409346,2.780505e-06
GRB180410336,1.963612e-07
GRB180411519,6.819998e-07
GRB180411546,1.664844e-07
GRB180412425,3.861822e-07
GRB180413118,2.879612e-07
GRB180416340,3.209732e-07
GRB180416924,1.22149e-06
GRB180417689,1.330397e-06
GRB180418281,3.539249e-07
GRB180420031,1.254106e-07
GRB180420107,2.101263e-07
GRB180423033,2.216838e-07
GRB180423266,1.863057e-07
GRB180426005,3.418797e-07
GRB180426549,1.586841e-06
GRB180427442,1.253767e-06
GRB180428102,2.081149e-07
GRB180504136,5.212058e-07
GRB180505540,7.871683e-07
GRB180506077,2.233456e-07
GRB180506902,2.005383e-07
GRB180511364,1.794043e-06
GRB180511437,4.173162e-07
GRB180511606,1.57728e-07
GRB180513815,2.135918e-07
GRB180515814,6.451672e-07
GRB180516229,1.351349e-07
GRB180517309,2.284829e-07
GRB180521935,1.481914e-07
GRB180522607,1.443452e-07
GRB180522678,4.409843e-07
GRB180523782,1.535983e-06
GRB180524416,4.736257e-07
GRB180524920,2.701429e-07
GRB180525151,2.878374e-06
GRB180528371,2.3466e-07
GRB180528465,1.492531e-07
GRB180602938,2.378192e-06
GRB180605458,8.932069e-07
GRB180606730,2.907158e-07
GRB180610377,1.897118e-07
GRB180610568,2.092175e-07
GRB180610791,4.098281e-07
GRB180611145,4.95384e-07
GRB180612785,6.336491e-07
GRB180614327,1.781104e-07
GRB180615462,9.763803e-07
GRB180617872,6.464359e-07
GRB180618030,7.037722e-07
GRB180618724,3.584014e-07
GRB180620354,1.446528e-07
GRB180620660,5.109777e-07
GRB180622273,1.378502e-07
GRB180622578,3.16827e-07
GRB180623849,9.389979e-07
GRB180625941,2.045052e-06
GRB180626392,2.202887e-06
GRB180630335,2.555561e-07
GRB180630467,2.403134e-07
GRB180701469,7.164534e-07
GRB180703876,6.952782e-07
GRB180703949,3.479567e-06
GRB180706351,2.962715e-07
GRB180709099,3.319176e-07
GRB180710062,1.156384e-07
GRB180712358,1.634957e-07
GRB180712651,1.659108e-07
GRB180715087,2.619536e-07
GRB180715741,1.821583e-06
GRB180715755,2.871944e-06
GRB180718082,
GRB180718201,
GRB180718763,
GRB180720213,
GRB180720598,2.183836e-06
GRB180720933,
GRB180721642,
GRB180722120,
GRB180722418,
GRB180722993,
GRB180723133,
GRB180723757,
GRB180724807,
GRB180724984,
GRB180727594,
GRB180728575,
GRB180728728,
GRB180728882,
GRB180730018,
GRB180731891,
GRB180801276,
GRB180801492,
GRB180803590,
GRB180804554,
GRB180804765,
GRB180804909,
GRB180804931,
GRB180805543,
GRB180806665,
GRB180806944,
GRB180807097,
GRB180809485,
GRB180810278,
GRB180812349,
GRB180814505,
GRB180816088,
GRB180816930,
GRB180818179,
GRB180818520,
GRB180821653,
GRB180822423,
GRB180822562,
GRB180823442,
GRB180826055,
GRB180828790,
GRB180905400,
GRB180906597,
GRB180906759,
GRB180906988,
GRB180910032,
GRB180910156,
GRB180910352,
GRB180912274,
GRB180913783,1.613131e-06
GRB180914522,
GRB180917477,
GRB180922461,
GRB180922734,
GRB180923931,
GRB180925407,
GRB180927993,
GRB180929453,
GRB181002617,
GRB181007385,
GRB181007737,
GRB181008269,
GRB181008877,
GRB181010247,
GRB181014479,
GRB181016718,
GRB181020424,
GRB181020792,
GRB181022846,
GRB181026540,
GRB181027076,
GRB181028590,
GRB181029892,
GRB181103046,
GRB181111654,
GRB181116484,
GRB181117663,
GRB181119606,
GRB181119649,
GRB181120265,
GRB181121307,
GRB181121401,
GRB181122381,
GRB181125092,
GRB181125371,
GRB181126162,1.697191e-06
GRB181126413,
GRB181126729,
GRB181127274,
GRB181128129,
GRB181128751,
GRB181203880,
GRB181206970,
GRB181208188,
GRB181212693,
GRB181215110,
GRB181216551,
GRB181217665,
GRB181221565,
GRB181222279,
GRB181222841,
GRB181224987,
GRB181225489,
GRB181225786,
GRB181226600,
GRB181227262,
GRB181227571,
GRB181228120,
GRB181231144,
GRB181231359,
GRB181231954,
GRB190102258,
GRB190106866,
GRB190107050,
GRB190109217,
GRB190109497,
GRB190110726,
GRB190114873,
GRB190117369,
GRB190118937,
GRB190119249,
GRB190122305,
GRB190123513,
GRB190129515,
GRB190129539,
GRB190131109,
GRB190131964,
GRB190202069,
GRB190202234,
GRB190202634,
GRB190204627,
GRB190205938,
GRB190212482,
GRB190215772,
GRB190217188,
GRB190218330,
GRB190220844,
GRB190222312,
GRB190222537,
GRB190226515,
GRB190228973,
GRB190303240,
GRB190304371,
GRB190304818,
GRB190306943,
GRB190307151,
GRB190308923,
GRB190310398,
GRB190311600,
GRB190312446,
GRB190315512,
GRB190319353,
GRB190319375,
GRB190320052,
GRB190321363,
GRB190323179,
GRB190323303,
GRB190323548,
GRB190323879,
GRB190324348,
GRB190324947,
GRB190325999,
GRB190326314,
GRB190326975,
GRB190327111,
GRB190330694,
GRB190331093,
GRB190401139,
GRB190404293,
GRB190406450,
GRB190406465,
GRB190406745,
GRB190407575,
GRB190407672,
GRB190407788,
GRB190409901,
GRB190411407,
GRB190411579,
GRB190415173,
GRB190419414,
GRB190420981,
GRB190422284,
GRB190422670,
GRB190422957,
GRB190425089,
GRB190427190,
GRB190428783,
GRB190429743,
GRB190501794,
GRB190502168,
GRB190504415,
GRB190504678,
GRB190505051,
GRB190507270,
GRB190507712,
GRB190507970,
GRB190508808,
GRB190508987,
GRB190510120,
GRB190510430,
GRB190511302,
GRB190512611,
GRB190515190,
GRB190517813,
GRB190519309,
GRB190525032,
GRB190530430,
GRB190531312,
GRB190531568,
GRB190531840,
GRB190601325,
GRB190603795,
GRB190604446,
GRB190605974,
GRB190606080,
GRB190607071,
GRB190608009,
GRB190609315,
GRB190610750,
GRB190610834,
GRB190611950,
GRB190612165,
GRB190613172,
GRB190613449,
GRB190615636,
GRB190619018,
GRB190619595,
GRB190620507,
GRB190622368,
GRB190623461,
GRB190626254,
GRB190627481,
GRB190628521,
GRB190630257,
GRB190707285,
GRB190707308,
GRB190708365,
GRB190712018,
GRB190712095,
GRB190714573,
GRB190716019,
GRB190716917,
GRB190719113,
GRB190719499,
GRB190719624,
GRB190720613,
GRB190720964,
GRB190723309,
GRB190724031,
GRB190726642,
GRB190726843,
GRB190727668,
GRB190727846,
GRB190728271,
GRB190731943,
GRB190804058,
GRB190804792,
GRB190805106,
GRB190805199,
GRB190806535,
GRB190806675,
GRB190808498,
GRB190808752,
GRB190810675,
GRB190813520,
GRB190814837,
GRB190817953,
GRB190821716,
GRB190822705,
GRB190824616,
GRB190825171,
GRB190827467,
GRB190828542,
GRB190828614,
GRB190829830,
GRB190830023,
GRB190830264,
GRB190831332,
GRB190831693,
GRB190901890,
GRB190903722,
GRB190904174,
GRB190905985,
GRB190906767,
GRB190910028,
GRB190913155,
GRB190914345,
GRB190915240,
GRB190916590,
GRB190919764,
GRB190921699,
GRB190923617,
GRB190930400,
GRB191001279,
GRB191008297,
GRB191009298,
GRB191011192,
GRB191015327,
GRB191017391,
GRB191017957,
GRB191019469,
GRB191019970,
GRB191022285,
GRB191022341,
GRB191023630,
GRB191026350,
GRB191027638,
GRB191028174,
GRB191028589,
GRB191031025,
GRB191031635,
GRB191031780,
GRB191031891,
GRB191101895,
GRB191108003,
GRB191110587,
GRB191111347,
GRB191111364,
GRB191111547,
GRB191112369,
GRB191113578,
GRB191117006,
GRB191117637,
GRB191118925,
GRB191119261,
GRB191125206,
GRB191125634,
GRB191129141,
GRB191130253,
GRB191130507,
GRB191202867,
GRB191203290,
GRB191205741,
GRB191213254,
GRB191213784,
GRB191220589,
GRB191221802,
GRB191225309,
GRB191225735,
GRB191227069,
GRB191227723,
GRB200101861,
GRB200103678,
GRB200103689,
GRB200105914,
GRB200107810,
GRB200109074,
GRB200110518,
GRB200111633,
GRB200112395,
GRB200112525,
GRB200114153,
GRB200117517,
GRB200119692,
GRB200120962,
GRB200122221,
GRB200125864,
GRB200126466,
GRB200127758,
GRB200128153,
GRB200129409,
GRB200130248,
GRB200130417,
GRB200201040,
GRB200205845,
GRB200206706,
GRB200207058,
GRB200208052,
GRB200211310,
GRB200211813,
GRB200212451,
GRB200215611,
GRB200216380,
GRB200216564,
GRB200219317,
GRB200219413,
GRB200219998,
GRB200221162,
GRB200223814,
GRB200224212,
GRB200224416,
GRB200227306,
GRB200228291,
GRB200228469,
GRB200301320,
GRB200303107,
GRB200306934,
GRB200307894,
GRB200308941,
GRB200311636,
GRB200313071,
GRB200313456,
GRB200317028,
GRB200318941,
GRB200319323,
GRB200320414,
GRB200323006,
GRB200323782,
GRB200325138,
GRB200325620,
GRB200326517,
GRB200327873,
GRB200401292,
GRB200402403,
GRB200402688,
GRB200402824,
GRB200403896,
GRB200403919,
GRB200403974,
GRB200404706,
GRB200405394,
GRB200407265,
GRB200407388,
GRB200411187,
GRB200412290,
GRB200412381,
GRB200415367,1.630559e-05
GRB200416295,
GRB200418865,
GRB200420106,
GRB200421865,
GRB200423579,
GRB200425701,
GRB200501435,
GRB200502574,
GRB200503721,
GRB200505994,
GRB200506020,
GRB200506208,
GRB200506404,
GRB200507662,
GRB200509818,
GRB200509958,
GRB200510445,
GRB200514380,
GRB200517786,
GRB200522650,
GRB200524211,
GRB200525611,
GRB200528436,
GRB200529039,
GRB200529504,
GRB200530031,
GRB200531119,
GRB200601097,
GRB200604778,
GRB200605762,
GRB200607362,
GRB200607921,
GRB200609380,
GRB200612201,
GRB200613229,
GRB200614608,
GRB200615250,
GRB200616048,
GRB200616654,
GRB200617679,
GRB200619108,
GRB200619252,
GRB200619492,
GRB200622092,
GRB200623138,
GRB200623752,
GRB200625532,
GRB200626105,
GRB200630980,
GRB200702892,
GRB200703341,
GRB200703970,
GRB200705674,
GRB200706231,
GRB200706633,
GRB200707072,
GRB200709147,
GRB200710036,
GRB200711461,
GRB200713919,
GRB200714247,
GRB200714344,
GRB200714437,
GRB200714661,
GRB200714774,
GRB200716060,
GRB200716316,
GRB200716957,
GRB200722094,
GRB200723691,
GRB200724213,
GRB200801352,
GRB200801650,
GRB200802491,
GRB200803149,
GRB200803703,
GRB200808469,
GRB200809211,
GRB200809255,
GRB200809654,
GRB200811632,
GRB200816486,
GRB200817393,
GRB200818998,
GRB200824594,
GRB200826187,
GRB200826923,
GRB200829582,
GRB200830413,
GRB200901158,
GRB200903031,
GRB200903113,
GRB200903902,
GRB200904085,
GRB200906550,
GRB200907957,
GRB200908886,
GRB200909168,
GRB200915144,
GRB200915846,
GRB200916812,
GRB200919569,
GRB200919964,
GRB200920651,
GRB200920831,
GRB200922718,
GRB200922753,
GRB200923748,
GRB200924235,
GRB200924284,
GRB200924386,
GRB200925610,
GRB200928290,
GRB200928552,
GRB200929204,
GRB201001416,
GRB201004094,
GRB201004365,
GRB201006054,
GRB201007123,
GRB201008443,
GRB201008754,
GRB201011629,
GRB201011837,
GRB201012233,
GRB201016019,
GRB201016136,
GRB201017407,
GRB201019069,
GRB201019484,
GRB201020241,
GRB201020732,
GRB201021111,
GRB201021852,
GRB201026943,
GRB201029847,
GRB201031744,
GRB201103259,
GRB201104001,
GRB201104622,
GRB201104808,
GRB201105215,
GRB201105230,
GRB201105482,
GRB201108645,
GRB201109105,
GRB201111323,
GRB201116035,
GRB201120402,
GRB201120442,
GRB201121062,
GRB201121130,
GRB201127147,
GRB201128746,
GRB201130230,
GRB201201120,
GRB201207977,
GRB201208252,
GRB201213746,
GRB201214672,
GRB201215266,
GRB201216792,
GRB201216963,
GRB201217108,
GRB201218177,
GRB201218798,
GRB201221591,
GRB201221963,
GRB201221978,
GRB201222461,
GRB201223173,
GRB201223749,
GRB201226553,
GRB201227635,
GRB201228102,
GRB201228640,
GRB201229639,
GRB201231447,
GRB201231550,
GRB201231622,
GRB210101620,
GRB210101861,
GRB210102861,
GRB210104477,
GRB210105669,
GRB210108424,
GRB210113379,
GRB210117458,
GRB210119121,
GRB210120299,
GRB210123305,
GRB210125369,
GRB210126417,
GRB210127268,
GRB210201567,
GRB210202841,
GRB210204270,
GRB210204777,
GRB210207603,
GRB210210713,
GRB210211363,
GRB210213741,
GRB210225218,
GRB210226197,
GRB210227115,
GRB210228058,
GRB210228277,
GRB210303425,
GRB210305794,
GRB210306162,
GRB210306397,
GRB210308276,
GRB210308838,
GRB210309999,
GRB210312169,
GRB210315716,
GRB210317381,
GRB210318131,
GRB210323502,
GRB210323918,
GRB210324468,
GRB210324809,
GRB210324833,
GRB210326057,
GRB210328865,
GRB210401970,
GRB210402920,
GRB210404141,
GRB210405351,
GRB210406716,
GRB210406949,
GRB210410037,
GRB210411146,
GRB210411564,
GRB210411688,
GRB210413991,
GRB210415284,
GRB210419882,
GRB210420215,
GRB210421455,
GRB210422573,
GRB210424694,
GRB210424778,
GRB210427206,
GRB210429658,
GRB210430904,
GRB210501205,
GRB210501940,
GRB210502295,
GRB210503815,
GRB210504959,
GRB210507778,
GRB210510806,
GRB210511458,
GRB210511477,
GRB210512789,
GRB210515546,
GRB210515623,
GRB210516982,
GRB210518033,
GRB210518545,
GRB210518889,
GRB210524208,
GRB210524473,
GRB210528586,
GRB210529677,
GRB210529996,
GRB210531500,
GRB210601724,
GRB210602865,
GRB210603907,
GRB210605215,
GRB210605622,
GRB210606164,
GRB210606945,
GRB210610628,
GRB210610827,
GRB210615892,
GRB210615982,
GRB210618072,
GRB210619532,
GRB210619999,
GRB210620204,
GRB210621447,
GRB210622064,
GRB210622440,
GRB210624041,
GRB210625891,
GRB210626345,
GRB210626991,
GRB210627312,
GRB210627748,
GRB210701834,
GRB210704684,
GRB210704815,
GRB210706346,
GRB210706571,
GRB210709201,
GRB210711432,
GRB210712405,
GRB210714331,
GRB210715866,
GRB210716485,
GRB210719164,
GRB210721978,
GRB210722871,
GRB210723615,
GRB210724105,
GRB210725048,
GRB210725158,
GRB210726106,
GRB210727410,
GRB210730207,
GRB210731092,
GRB210731367,
GRB210731931,
GRB210801581,
GRB210801649,
GRB210802839,
GRB210803497,
GRB210805002,
GRB210807525,
GRB210807687,
GRB210807955,
GRB210812011,
GRB210812699,
GRB210813038,
GRB210815100,
GRB210820004,
GRB210821291,
GRB210821320,
GRB210822273,
GRB210822729,
GRB210824174,
GRB210826293,
GRB210827416,
GRB210827424,
GRB210903021,
GRB210903077,
GRB210903727,
GRB210904866,
GRB210909447,
GRB210912522,
GRB210915530,
GRB210915630,
GRB210917157,
GRB210919653,
GRB210923124,
GRB210924960,
GRB210925800,
GRB210926044,
GRB210926869,
GRB210927031,
GRB210927996,
GRB210928084,
GRB210929154,
GRB210929821,
GRB211002338,
GRB211002740,
