name,T90,T90_start
GRB080714086,5.376,-0.768
GRB080714425,40.192,-4.352
GRB080714745,59.649,-0.512
GRB080715950,7.872,0.128
GRB080717543,36.608,-5.376
GRB080719529,16.128,-4.352
GRB080723557,58.369,2.368
GRB080723913,0.192,-0.064
GRB080723985,42.816,3.072
GRB080724401,379.397,10.816
GRB080725435,25.92,-2.816
GRB080725541,0.96,-0.128
GRB080727964,89.089,-13.312
GRB080730520,17.408,-0.576
GRB080730786,13.312,-0.576
GRB080802386,0.576,-0.064
GRB080803772,26.24,-0.256
GRB080804456,521.862,-9.216
GRB080804972,24.704,0.256
GRB080805496,29.44,-1.792
GRB080805584,65.665,-4.864
GRB080806584,2.304,-2.112
GRB080806896,75.777,-35.328
GRB080807993,19.072,0.0
GRB080808451,4.352,-1.536
GRB080808565,17.728,1.728
GRB080808772,210.178,-168.002
GRB080809808,28.16,-9.728
GRB080810549,75.201,-3.2
GRB080812889,15.04,-1.792
GRB080815917,0.832,-0.32
GRB080816503,64.769,1.28
GRB080816989,4.608,-0.064
GRB080817161,60.289,2.048
GRB080817720,4.416,-0.08
GRB080818579,59.329,-2.944
GRB080818945,13.376,-0.512
GRB080821332,5.888,-1.28
GRB080823363,43.456,-1.28
GRB080824909,7.424,-3.264
GRB080825593,20.992,1.216
GRB080828189,3.008,-0.128
GRB080829790,7.68,-0.32
GRB080830368,40.897,-1.536
GRB080831053,0.576,-0.288
GRB080831921,74.497,1.344
GRB080904886,17.344,-2.56
GRB080905499,0.96,-0.064
GRB080905570,26.624,-7.168
GRB080905705,105.984,-5.12
GRB080906212,2.875,0.005
GRB080912360,16.384,-3.072
GRB080913735,41.217,-0.256
GRB080916009,62.977,1.28
GRB080916406,46.337,0.512
GRB080919790,0.512,-0.128
GRB080920268,113.921,-3.328
GRB080924766,39.937,-11.264
GRB080925775,31.744,-1.024
GRB080927480,45.313,-0.256
GRB080928628,14.336,-1.792
GRB081003644,50.177,-3.072
GRB081006604,6.4,-0.256
GRB081006872,3.328,-0.512
GRB081008832,126.722,0.768
GRB081009140,41.345,1.344
GRB081009690,34.56,0.256
GRB081012045,1.216,-0.576
GRB081012549,30.721,-5.376
GRB081017474,28.416,-13.056
GRB081021398,26.112,-1.008
GRB081022364,17.152,-2.56
GRB081024245,0.832,-0.832
GRB081024851,56.065,-0.512
GRB081024891,0.64,-0.064
GRB081025349,22.528,-0.512
GRB081028538,13.312,-7.936
GRB081101167,9.984,-7.936
GRB081101491,0.128,-0.064
GRB081101532,8.256,-0.256
GRB081102365,1.728,-0.064
GRB081102739,34.816,-0.512
GRB081105614,1.28,-0.064
GRB081107321,1.664,-0.192
GRB081109293,58.369,-6.912
GRB081110601,11.776,0.256
GRB081113230,0.576,0.0
GRB081115891,0.32,-0.192
GRB081118876,20.736,0.256
GRB081119184,0.32,-0.32
GRB081120618,25.344,-1.28
GRB081121858,41.985,1.536
GRB081122520,23.296,-0.256
GRB081122614,0.192,-0.064
GRB081124060,19.456,0.512
GRB081125496,9.28,0.512
GRB081126899,54.145,-18.048
GRB081129161,62.657,-0.128
GRB081130212,2.24,-0.064
GRB081130629,39.169,-32.257
GRB081204004,7.424,-5.632
GRB081204517,0.192,-0.064
GRB081206275,24.576,-11.264
GRB081206604,7.936,-2.048
GRB081206987,22.528,-5.888
GRB081207680,97.281,5.888
GRB081209981,0.192,-0.064
GRB081213173,0.256,-0.256
GRB081215784,5.568,1.216
GRB081215880,7.68,-0.256
GRB081216531,0.768,0.0
GRB081217983,29.696,-12.032
GRB081221681,29.697,3.328
GRB081222204,18.88,0.384
GRB081223419,0.576,-0.064
GRB081224887,16.448,0.736
GRB081225257,41.217,-18.688
GRB081226044,0.832,-0.192
GRB081226156,83.713,-60.673
GRB081226509,0.192,-0.064
GRB081229187,0.768,-0.256
GRB081229675,0.032,-0.016
GRB081230871,0.512,-0.128
GRB081231140,28.736,0.64
GRB090101758,108.802,-0.256
GRB090102122,26.624,1.536
GRB090107681,18.432,-2.048
GRB090108020,0.704,-0.064
GRB090108322,0.192,-0.064
GRB090109332,1.728,-0.256
GRB090112332,58.369,-15.104
GRB090112729,14.08,-0.768
GRB090113778,17.408,-2.048
GRB090117335,27.264,-0.384
GRB090117632,86.017,-59.393
GRB090117640,15.552,-5.248
GRB090120627,1.856,-0.512
GRB090126227,5.632,-1.792
GRB090126245,0.96,-0.384
GRB090129880,16.64,-0.256
GRB090131090,35.073,3.072
GRB090202347,12.608,0.192
GRB090206620,0.32,-0.064
GRB090207777,24.832,-0.512
GRB090213236,20.224,-4.096
GRB090217206,33.281,0.832
GRB090219074,0.448,-0.064
GRB090222179,17.408,-2.048
GRB090225009,2.176,-1.664
GRB090227310,16.189,0.003
GRB090227772,0.304,-0.016
GRB090228204,0.448,0.0
GRB090228976,7.936,0.0
GRB090301315,23.296,-17.664
GRB090304216,2.816,-0.256
GRB090305052,1.856,-0.064
GRB090306245,27.904,-2.816
GRB090307167,29.44,-5.12
GRB090308734,1.664,-0.32
GRB090309767,56.513,-0.512
GRB090310189,116.93,-0.384
GRB090316311,10.24,-9.728
GRB090319622,54.785,-12.544
GRB090320045,2.368,-2.112
GRB090320418,7.936,-1.664
GRB090320801,29.184,-0.512
GRB090323002,133.89,8.704
GRB090326633,16.128,-9.216
GRB090327404,14.08,1.28
GRB090328401,61.697,4.352
GRB090328713,0.192,-0.064
GRB090330279,75.265,-52.737
GRB090331681,0.832,-0.064
GRB090403314,14.848,-2.304
GRB090405663,0.448,-0.064
GRB090409288,30.337,-24.064
GRB090411838,21.501,0.003
GRB090411991,14.336,0.768
GRB090412061,0.896,-0.832
GRB090413122,32.513,-22.272
GRB090418816,0.32,-0.064
GRB090419997,184.323,-67.585
GRB090422150,9.216,-0.512
GRB090423330,7.168,-5.888
GRB090424592,14.144,0.512
GRB090425377,75.393,3.584
GRB090426066,16.128,-1.792
GRB090426690,7.488,-1.152
GRB090427644,1.024,-1.792
GRB090427688,12.288,-1.024
GRB090428441,3.968,-0.192
GRB090428552,31.488,-8.448
GRB090429530,14.336,-2.56
GRB090429753,0.64,-0.192
GRB090502777,66.048,-9.728
GRB090509215,282.372,-1.28
GRB090510016,0.96,-0.048
GRB090510325,7.424,-1.024
GRB090511684,7.616,-1.472
GRB090513916,25.28,-1.024
GRB090513941,11.776,-3.84
GRB090514006,43.521,0.128
GRB090514726,2.24,-0.64
GRB090514734,54.401,-3.072
GRB090516137,110.594,15.872
GRB090516353,123.138,-38.145
GRB090516853,14.464,-0.096
GRB090518080,2.048,-0.64
GRB090518244,6.784,-0.384
GRB090519462,91.329,-18.944
GRB090519881,74.177,-1.536
GRB090520832,0.768,-0.448
GRB090520850,3.776,-0.384
GRB090520876,30.657,-18.176
GRB090522344,20.288,-4.864
GRB090524346,54.337,0.896
GRB090528173,35.905,-6.656
GRB090528516,79.041,4.352
GRB090529310,3.072,-0.512
GRB090529564,9.853,0.003
GRB090530760,157.699,3.328
GRB090531775,0.768,0.0
GRB090602564,20.736,-1.536
GRB090606471,8.064,-1.28
GRB090608052,21.504,-16.384
GRB090610648,6.144,-4.096
GRB090610723,146.434,-3.584
GRB090610883,7.424,-2.816
GRB090612619,37.12,-32.513
GRB090616157,1.152,-0.192
GRB090617208,0.192,-0.064
GRB090618353,112.386,7.936
GRB090620400,13.568,0.512
GRB090620901,0.96,-0.576
GRB090621185,106.754,-2.56
GRB090621417,27.009,-3.84
GRB090621447,26.112,-0.256
GRB090621922,0.384,-0.128
GRB090623107,47.105,0.32
GRB090623913,7.168,-0.256
GRB090625234,14.336,-3.584
GRB090625560,13.056,-1.28
GRB090626189,48.897,1.536
GRB090626707,,
GRB090629543,20.48,-9.472
GRB090630311,2.88,-0.64
GRB090701225,4.16,-3.52
GRB090703329,8.96,-2.304
GRB090704242,69.889,0.512
GRB090704783,19.456,-1.792
GRB090706283,57.857,-36.609
GRB090708152,21.248,-3.84
GRB090709630,22.272,0.512
GRB090711850,51.969,-0.768
GRB090712160,94.722,-60.929
GRB090713020,82.817,1.344
GRB090717034,65.537,2.304
GRB090717111,0.384,-0.192
GRB090718720,76.481,-0.768
GRB090718762,23.744,3.392
GRB090719063,11.392,0.896
GRB090720276,4.48,-0.832
GRB090720710,10.752,-0.256
GRB090725838,13.76,-3.328
GRB090726218,7.68,-0.256
GRB090730608,9.088,-1.664
GRB090802235,0.048,-0.016
GRB090802666,27.52,-0.768
GRB090804940,5.568,0.64
GRB090805622,46.592,-0.768
GRB090807832,17.92,-1.28
GRB090809978,11.008,1.088
GRB090810659,125.182,0.004
GRB090810781,62.977,0.192
GRB090811696,14.848,-0.256
GRB090813174,7.552,0.384
GRB090814368,0.192,-0.032
GRB090814950,108.61,-0.256
GRB090815300,48.385,-1.536
GRB090815438,30.465,-9.216
GRB090815946,245.508,-2.304
GRB090817036,52.417,-13.44
GRB090819607,0.192,-0.128
GRB090820027,12.416,31.169
GRB090820509,15.296,-0.128
GRB090823133,58.113,-50.945
GRB090824918,59.905,-4.608
GRB090826068,8.704,-1.024
GRB090828099,68.417,-1.024
GRB090829672,67.585,10.24
GRB090829702,101.633,1.792
GRB090831317,39.424,0.0
GRB090902401,3.2,-2.304
GRB090902462,19.328,2.816
GRB090904058,56.065,-3.072
GRB090904581,38.401,-2.56
GRB090907017,39.489,-12.8
GRB090907808,0.832,-0.256
GRB090908314,71.937,-62.721
GRB090908341,36.864,-0.256
GRB090909487,14.336,-4.096
GRB090909854,1.152,-0.768
GRB090910812,53.441,0.832
GRB090912660,150.787,1.28
GRB090915650,76.609,-0.768
GRB090917661,26.624,-0.192
GRB090920035,26.624,-7.68
GRB090922539,87.041,0.512
GRB090922605,52.736,0.0
GRB090924625,0.352,-0.064
GRB090925389,25.472,0.064
GRB090926181,13.76,2.176
GRB090926914,64.001,1.024
GRB090927422,0.512,-0.192
GRB090928646,15.616,-0.256
GRB090929190,6.174,0.003
GRB091002685,2.752,-1.344
GRB091003191,20.224,0.832
GRB091005679,6.976,-4.672
GRB091006360,0.192,-0.192
GRB091010113,5.952,0.128
GRB091012783,0.704,0.0
GRB091013989,38.4,-6.4
GRB091015129,3.84,-2.304
GRB091017861,2.624,-0.832
GRB091017985,44.8,-1.792
GRB091018957,0.192,-0.064
GRB091019750,0.208,-0.112
GRB091020900,24.256,-3.584
GRB091020977,37.505,0.992
GRB091023021,6.528,-0.448
GRB091024372,93.954,-3.072
GRB091024380,450.569,2.048
GRB091026485,3.328,-0.896
GRB091026550,8.96,-5.12
GRB091030613,19.2,0.576
GRB091030828,98.05,0.832
GRB091031500,33.921,1.408
GRB091101143,10.688,0.192
GRB091102607,6.656,-0.768
GRB091103912,13.568,-2.048
GRB091106762,14.592,-1.28
GRB091107635,11.008,-2.816
GRB091109895,30.977,-5.376
GRB091112737,24.576,-0.768
GRB091112928,21.184,-0.768
GRB091115177,37.376,-1.536
GRB091117080,113.664,-4.352
GRB091120191,50.177,1.024
GRB091122163,2.944,-2.624
GRB091123081,15.552,-9.984
GRB091123298,624.459,4.608
GRB091126333,0.192,-0.064
GRB091126389,0.024,-0.008
GRB091127976,8.701,0.003
GRB091128285,76.289,-19.456
GRB091201089,12.992,-7.744
GRB091202072,27.648,-5.12
GRB091202219,118.274,-43.265
GRB091207333,27.073,0.256
GRB091208410,12.48,-0.128
GRB091209001,42.945,-5.888
GRB091215234,4.352,-2.048
GRB091219462,8.128,-0.192
GRB091220442,18.368,0.384
GRB091221870,23.04,6.144
GRB091223191,0.576,-0.256
GRB091223511,49.725,0.004
GRB091224373,0.768,-0.192
GRB091227294,21.888,-1.28
GRB091230260,62.976,-3.84
GRB091230712,35.137,-0.512
GRB091231206,42.561,2.624
GRB091231540,15.616,-7.68
GRB100101028,2.816,-0.256
GRB100101988,1.984,-1.024
GRB100107074,0.576,-0.048
GRB100111176,19.52,-10.752
GRB100112418,23.04,-4.352
GRB100116897,102.53,0.576
GRB100117879,0.256,-0.064
GRB100118100,9.216,-2.304
GRB100122616,22.529,5.12
GRB100126460,10.624,-1.28
GRB100130729,99.586,-4.096
GRB100130777,86.018,-10.24
GRB100131730,3.52,0.192
GRB100201588,141.059,-6.4
GRB100204024,49.665,-17.92
GRB100204566,32.513,-30.209
GRB100204858,1.92,-0.64
GRB100205490,14.848,-1.024
GRB100206563,0.176,-0.016
GRB100207665,15.36,-2.816
GRB100207721,17.728,-9.216
GRB100208386,0.192,-0.064
GRB100210101,29.184,-10.24
GRB100211440,21.376,0.64
GRB100212550,3.773,0.003
GRB100212588,4.864,-1.088
GRB100216422,0.192,-0.064
GRB100218194,29.185,-3.584
GRB100219026,59.712,-12.416
GRB100221368,23.552,-3.328
GRB100223110,0.256,-0.064
GRB100224112,67.329,-3.584
GRB100225115,12.992,-0.256
GRB100225249,32.0,-0.512
GRB100225580,6.4,-0.512
GRB100225703,4.48,-1.152
GRB100228544,67.072,-3.072
GRB100228873,8.704,-2.048
GRB100301068,0.96,-0.896
GRB100301223,26.625,-0.256
GRB100302061,2.24,-1.216
GRB100304004,181.507,-2.56
GRB100304534,19.008,-9.472
GRB100306199,7.168,-4.352
GRB100307928,16.128,-3.072
GRB100311518,9.024,-0.256
GRB100313288,12.864,-2.816
GRB100313509,34.048,-3.072
GRB100315361,35.584,-4.608
GRB100318611,18.432,-1.792
GRB100322045,37.121,1.024
GRB100323542,60.673,-5.632
GRB100324172,17.92,0.576
GRB100325246,8.192,-1.536
GRB100325275,7.104,-0.384
GRB100326294,5.632,-5.376
GRB100326402,144.13,-53.249
GRB100328141,0.384,-0.064
GRB100330309,10.048,0.064
GRB100330856,5.12,-1.152
GRB100401297,92.416,-6.656
GRB100406758,5.888,-1.28
GRB100410356,9.728,-5.888
GRB100410740,22.016,-1.024
GRB100411516,0.512,-0.064
GRB100413732,184.067,0.512
GRB100414097,26.497,1.856
GRB100417166,0.192,-0.064
GRB100417789,52.545,-2.56
GRB100420008,19.712,0.256
GRB100421917,62.465,-2.048
GRB100423244,16.512,1.6
GRB100424729,175.363,-24.832
GRB100424876,169.987,-2.048
GRB100427356,12.544,-4.864
GRB100429999,25.024,-12.8
GRB100502356,95.81,-2.816
GRB100503554,139.779,5.888
GRB100504806,16.512,1.216
GRB100506653,21.376,-7.936
GRB100507577,44.033,-1.024
GRB100510810,31.169,-3.328
GRB100511035,42.433,0.832
GRB100513879,11.136,-0.768
GRB100515467,10.624,-0.64
GRB100516369,2.112,-1.92
GRB100516396,0.64,-0.576
GRB100517072,55.808,0.0
GRB100517132,19.84,-0.512
GRB100517154,30.464,-0.256
GRB100517243,29.633,-13.568
GRB100517639,5.44,-0.768
GRB100519204,62.913,0.64
GRB100522157,35.326,0.003
GRB100525744,1.472,-0.384
GRB100527795,190.979,-81.665
GRB100528075,22.464,-0.256
GRB100530737,3.328,-1.024
GRB100604287,13.44,-2.304
GRB100605774,8.192,-1.024
GRB100608382,30.208,-7.68
GRB100609783,111.618,5.632
GRB100612545,0.576,0.0
GRB100612726,8.576,0.704
GRB100614498,172.291,-149.763
GRB100615083,37.377,0.32
GRB100616773,0.192,-0.192
GRB100619015,96.002,0.384
GRB100620119,51.841,0.192
GRB100621452,122.626,-5.632
GRB100621529,1.024,-0.448
GRB100625773,0.24,-0.096
GRB100625891,29.184,-7.424
GRB100629801,0.832,-0.128
GRB100701490,22.016,0.096
GRB100704149,171.523,-2.304
GRB100706693,0.128,-0.128
GRB100707032,81.793,1.088
GRB100709602,100.098,-2.56
GRB100713980,7.616,-0.384
GRB100714672,35.584,-0.512
GRB100714686,5.632,-3.328
GRB100715477,14.848,-1.024
GRB100717372,5.952,-0.576
GRB100717446,2.432,-0.128
GRB100718160,32.641,-21.616
GRB100718796,38.656,-2.816
GRB100719311,1.6,-1.536
GRB100719825,3.072,-2.304
GRB100719989,21.824,1.536
GRB100722096,7.165,0.003
GRB100722291,1.28,-1.216
GRB100724029,114.69,8.192
GRB100725475,146.434,-2.048
GRB100727238,23.808,-6.656
GRB100728095,165.378,13.312
GRB100728439,10.24,-2.048
GRB100730463,63.873,-1.536
GRB100802240,28.672,-1.792
GRB100804104,6.592,0.128
GRB100805300,0.064,-0.096
GRB100805845,58.43,0.003
GRB100810049,2.56,-1.856
GRB100811108,0.384,-0.064
GRB100811781,78.08,-52.992
GRB100814160,150.53,0.576
GRB100814351,7.424,-0.768
GRB100816009,62.401,-21.76
GRB100816026,2.045,0.003
GRB100819498,12.544,-4.864
GRB100820373,8.96,-0.768
GRB100825287,3.328,-1.28
GRB100826957,84.993,8.704
GRB100827455,0.576,-0.128
GRB100829374,94.977,0.256
GRB100829876,8.704,0.096
GRB100831651,40.193,-23.296
GRB100902990,22.272,-4.096
GRB100905907,11.52,-4.608
GRB100906576,110.594,0.768
GRB100907751,5.376,-1.536
GRB100910818,13.824,1.344
GRB100911816,5.632,-0.768
GRB100915243,7.936,-7.424
GRB100916779,12.8,-0.256
GRB100918863,88.834,18.944
GRB100919884,49.601,-38.401
GRB100922625,4.352,-1.024
GRB100923844,51.713,-0.768
GRB100924165,9.024,-0.64
GRB100926595,32.256,-24.064
GRB100926694,37.888,-3.072
GRB100929235,8.192,-2.304
GRB100929315,4.608,-0.512
GRB100929916,0.32,-0.128
GRB101002279,7.168,-4.352
GRB101003244,9.984,-1.792
GRB101004426,161.027,-141.058
GRB101008697,8.96,-2.56
GRB101010190,65.025,-11.008
GRB101011707,36.352,-1.024
GRB101013412,15.36,0.576
GRB101014175,449.415,1.408
GRB101015558,508.168,-1.536
GRB101016243,3.84,-1.536
GRB101017619,47.872,-1.024
GRB101021009,120.77,-51.457
GRB101021063,1.536,-0.512
GRB101023951,76.801,9.216
GRB101024486,20.224,-3.84
GRB101025146,14.336,-1.792
GRB101025267,30.976,-1.792
GRB101026034,0.256,-0.128
GRB101027230,1.344,-1.28
GRB101030664,95.746,-69.633
GRB101031625,0.384,-0.064
GRB101101744,3.328,-2.304
GRB101101899,31.232,-4.608
GRB101102840,43.52,-1.792
GRB101104810,1.28,-0.512
GRB101107011,375.814,2.304
GRB101112924,9.472,-5.888
GRB101112984,82.944,-9.472
GRB101113483,12.288,-0.256
GRB101116481,0.576,-0.128
GRB101117496,50.177,-2.048
GRB101119685,0.64,-0.32
GRB101123952,103.938,41.473
GRB101126198,43.837,0.004
GRB101127093,29.44,-3.328
GRB101127102,60.672,-5.12
GRB101128322,8.192,-2.816
GRB101129652,0.384,-0.064
GRB101129726,0.576,-0.064
GRB101130074,7.168,-4.608
GRB101201418,112.639,0.003
GRB101202154,18.432,0.0
GRB101204343,0.128,-0.064
GRB101205309,7.936,-3.84
GRB101206036,34.813,0.003
GRB101207536,61.441,5.632
GRB101208203,0.192,-0.192
GRB101208498,2.048,-0.64
GRB101211485,13.568,-2.816
GRB101213451,45.057,0.256
GRB101213849,5.12,-1.536
GRB101214748,2.24,-1.408
GRB101214993,11.52,-0.768
GRB101216721,1.917,0.003
GRB101219686,51.009,-4.352
GRB101220576,72.449,2.304
GRB101220864,31.745,-1.024
GRB101223834,56.065,-41.217
GRB101224227,1.728,-0.064
GRB101224578,44.737,-0.128
GRB101224614,25.601,-2.56
GRB101224998,18.688,-9.728
GRB101225377,81.218,20.544
GRB101227195,95.488,-0.768
GRB101227406,153.347,0.768
GRB101227536,28.864,-0.128
GRB101231067,23.613,0.003
GRB110101202,3.584,-2.304
GRB110101506,235.523,-103.425
GRB110102788,253.956,-119.426
GRB110105877,123.394,-7.68
GRB110106893,35.521,-16.896
GRB110107886,183.555,-61.185
GRB110108977,51.456,-1.024
GRB110112934,2.304,-0.96
GRB110117364,72.448,-1.792
GRB110117626,43.264,-2.048
GRB110118857,34.561,-6.144
GRB110119931,205.828,-0.768
GRB110120666,26.173,0.003
GRB110123804,17.856,0.704
GRB110124784,5.376,-3.328
GRB110125894,4.8,-0.768
GRB110128073,12.16,-5.824
GRB110130230,47.36,-0.256
GRB110131780,0.384,-0.192
GRB110201399,8.192,-1.792
GRB110204179,28.672,-3.84
GRB110205027,5.376,-2.816
GRB110205588,158.72,-7.168
GRB110206202,12.288,-6.4
GRB110207470,37.888,-1.024
GRB110207959,7.68,-0.768
GRB110209165,5.632,-3.776
GRB110212550,0.064,-0.048
GRB110213220,34.305,-0.768
GRB110213876,0.448,-0.192
GRB110217591,60.672,-3.328
GRB110220761,33.024,-1.792
GRB110221244,13.056,-1.536
GRB110226989,14.08,-2.304
GRB110227009,1.728,-0.192
GRB110227229,18.432,-1.024
GRB110227420,25.6,-11.264
GRB110228011,44.481,-30.721
GRB110228792,17.152,-3.84
GRB110301214,5.693,0.003
GRB110302043,38.336,-11.2
GRB110304071,19.52,-0.256
GRB110307972,2.304,-1.792
GRB110311812,6.4,-1.792
GRB110316139,2.944,-3.008
GRB110318552,14.464,-2.56
GRB110319628,15.104,-2.304
GRB110319815,31.232,-2.56
GRB110321346,30.72,-4.096
GRB110322558,36.097,-4.096
GRB110328520,83.97,2.56
GRB110331604,3.2,-0.064
GRB110401920,2.368,-0.64
GRB110402009,35.649,1.152
GRB110407998,9.024,0.832
GRB110409179,0.128,-0.128
GRB110410133,61.952,-11.008
GRB110410772,7.424,-4.864
GRB110411629,23.552,-3.84
GRB110412315,20.733,0.003
GRB110413938,54.272,-2.816
GRB110415541,166.146,0.256
GRB110420946,0.128,-0.064
GRB110421757,40.449,-2.56
GRB110422029,0.32,-0.128
GRB110424758,0.672,-0.064
GRB110426629,356.357,14.592
GRB110428338,101.634,-53.761
GRB110428388,5.632,2.688
GRB110430375,32.513,1.024
GRB110503145,7.936,-0.256
GRB110505203,4.096,-0.384
GRB110509142,68.864,-11.008
GRB110509475,0.64,-0.32
GRB110511616,5.888,-2.56
GRB110517453,0.576,-0.064
GRB110517573,23.04,-0.256
GRB110520302,12.288,-10.496
GRB110521478,6.141,0.003
GRB110522256,28.16,-8.704
GRB110522296,27.136,-5.12
GRB110522633,58.112,-0.256
GRB110523344,44.544,-1.28
GRB110526715,0.448,-0.048
GRB110528624,69.633,-1.024
GRB110529034,0.512,-0.128
GRB110529262,45.825,0.256
GRB110529811,34.816,-2.56
GRB110531448,38.656,-4.864
GRB110601681,52.206,0.003
GRB110605183,82.689,1.536
GRB110605780,1.536,-0.256
GRB110609185,9.984,-3.328
GRB110609425,33.024,-6.656
GRB110610640,43.521,-5.632
GRB110613631,40.193,-0.256
GRB110616648,12.544,-4.608
GRB110618366,163.843,-3.072
GRB110618760,89.601,-0.512
GRB110622158,70.401,6.08
GRB110624906,3.52,-1.472
GRB110625579,33.281,-0.768
GRB110625881,26.881,3.84
GRB110626448,6.4,-0.768
GRB110629174,61.694,0.003
GRB110702187,34.369,-10.752
GRB110703557,6.72,-4.224
GRB110705151,0.192,-0.016
GRB110705364,19.2,0.256
GRB110706202,12.032,-1.536
GRB110706477,73.217,-2.56
GRB110706728,16.896,0.128
GRB110706977,33.217,-14.72
GRB110709463,24.061,0.003
GRB110709642,43.201,1.088
GRB110709862,5.376,-1.792
GRB110710954,22.72,-4.864
GRB110716018,7.168,-3.072
GRB110717180,0.112,-0.016
GRB110717319,90.369,5.376
GRB110720177,11.2,-0.128
GRB110721200,21.822,0.003
GRB110722694,73.473,-0.512
GRB110722710,14.336,-4.608
GRB110725236,20.224,-1.024
GRB110726211,29.953,-3.84
GRB110728056,0.704,-0.128
GRB110729142,408.582,2.08
GRB110730008,28.416,-7.936
GRB110730660,33.856,-8.704
GRB110731465,7.485,0.003
GRB110801335,0.384,-0.128
GRB110803783,186.883,-156.675
GRB110806934,28.416,0.256
GRB110809461,12.544,-4.352
GRB110812899,11.264,-2.304
GRB110813237,22.784,-1.792
GRB110817191,5.949,0.003
GRB110818860,67.073,-9.984
GRB110819665,16.384,-0.512
GRB110820476,11.264,-4.096
GRB110824009,76.607,0.003
GRB110825102,62.465,11.648
GRB110825265,48.128,-13.824
GRB110828575,44.673,-1.12
GRB110831282,98.881,-20.224
GRB110901230,22.528,-7.68
GRB110903009,27.133,0.003
GRB110903111,341.254,-0.256
GRB110904124,83.905,-0.128
GRB110904163,51.457,-1.28
GRB110904531,20.48,-2.56
GRB110906302,23.936,-5.376
GRB110909116,20.736,-12.288
GRB110911071,8.96,-4.608
GRB110916016,1.792,-1.408
GRB110919634,35.073,10.496
GRB110920338,9.728,-0.512
GRB110920546,160.771,5.12
GRB110921444,149.507,-68.609
GRB110921577,40.705,-30.209
GRB110921912,17.664,0.896
GRB110923481,1.664,-1.664
GRB110923835,46.398,0.003
GRB110926107,75.265,-0.768
GRB110928180,148.226,-119.298
GRB110929187,5.12,-0.512
GRB110930564,37.889,-6.912
GRB111001804,0.384,-0.256
GRB111003465,16.64,0.512
GRB111005398,30.72,-11.264
GRB111008992,42.496,-4.096
GRB111009282,20.736,-0.256
GRB111010237,82.433,-3.584
GRB111010660,8.704,-1.024
GRB111010709,52.993,1.536
GRB111010899,18.56,-14.656
GRB111011094,1.472,-0.064
GRB111012456,20.736,1.024
GRB111012811,7.936,-0.512
GRB111015427,92.737,-0.64
GRB111017657,11.072,0.256
GRB111018595,8.192,-0.768
GRB111018785,29.697,-6.4
GRB111022854,0.192,-0.128
GRB111024722,65.025,-1.024
GRB111024896,0.96,-0.064
GRB111025078,51.712,-0.512
GRB111103441,11.968,-0.128
GRB111103948,0.32,-0.064
GRB111105457,43.264,-9.728
GRB111107035,12.032,-1.536
GRB111107076,77.185,0.192
GRB111109453,4.864,-2.56
GRB111109873,9.664,-4.608
GRB111112908,0.224,-0.032
GRB111113410,15.36,-1.024
GRB111114233,22.016,-1.536
GRB111117510,0.432,-0.064
GRB111117526,23.808,-1.28
GRB111120556,98.626,-21.248
GRB111124308,8.96,-0.768
GRB111127810,19.008,-0.768
GRB111201599,16.896,-1.792
GRB111203054,55.553,-44.545
GRB111203609,22.016,-2.816
GRB111207512,0.768,-0.896
GRB111208353,40.961,-4.096
GRB111216389,81.921,3.84
GRB111220486,39.041,-6.144
GRB111221739,27.136,-0.512
GRB111222619,0.288,-0.016
GRB111226795,74.753,-6.144
GRB111228453,2.944,0.096
GRB111228657,99.842,-49.409
GRB111230683,28.16,-12.8
GRB111230819,12.736,-0.64
GRB111231622,8.256,-2.304
GRB120101354,0.128,-0.096
GRB120102095,28.416,-11.52
GRB120102416,20.224,-10.24
GRB120105584,22.528,-8.192
GRB120107384,23.04,0.064
GRB120109824,38.656,-2.048
GRB120111051,76.801,-2.048
GRB120114433,2.752,-0.128
GRB120114681,43.264,-7.936
GRB120117291,3.328,-2.752
GRB120118709,37.825,-3.328
GRB120118898,17.152,-0.512
GRB120119170,55.297,3.072
GRB120119229,41.728,0.0
GRB120119354,16.896,-7.168
GRB120120432,32.256,0.0
GRB120121101,18.432,-3.328
GRB120121251,37.121,-5.632
GRB120122300,16.701,0.003
GRB120129312,1.28,-0.64
GRB120129580,3.072,0.32
GRB120130699,27.776,-0.64
GRB120130906,3.584,-1.28
GRB120130938,38.913,-5.12
GRB120203812,10.24,-4.864
GRB120204054,49.089,10.176
GRB120205285,0.576,-0.576
GRB120206949,9.472,-0.256
GRB120210650,1.344,-0.064
GRB120212353,0.864,-0.832
GRB120212383,9.216,-2.048
GRB120213606,13.824,-3.072
GRB120217808,5.888,-0.512
GRB120217904,2.624,-0.224
GRB120218276,256.26,-212.996
GRB120219563,8.128,-1.152
GRB120220210,21.248,-5.376
GRB120222021,1.088,-0.064
GRB120222119,29.44,-5.12
GRB120223933,14.336,-0.512
GRB120224282,60.929,1.792
GRB120224898,29.184,0.256
GRB120226447,14.592,-3.264
GRB120226871,52.993,4.352
GRB120227391,19.712,-0.768
GRB120227725,17.408,0.256
GRB120302080,80.384,0.768
GRB120302722,1.6,-0.128
GRB120304061,9.984,-0.256
GRB120304248,5.376,-0.256
GRB120308588,25.6,-21.504
GRB120312671,13.312,-2.048
GRB120314412,1.28,-1.28
GRB120316008,26.624,1.536
GRB120319983,72.448,-4.608
GRB120323162,4.352,-0.768
GRB120323507,0.384,0.0
GRB120326056,11.776,-1.28
GRB120327418,0.256,-0.192
GRB120328268,29.697,3.84
GRB120331055,16.384,-2.816
GRB120402669,20.224,-2.08
GRB120403857,4.288,-3.968
GRB120410585,1.088,-1.024
GRB120411925,38.912,0.0
GRB120412055,9.728,-4.096
GRB120412920,101.182,0.003
GRB120415076,12.544,-0.512
GRB120415891,0.96,-0.256
GRB120415958,12.544,-4.352
GRB120420249,25.6,-0.768
GRB120420858,254.913,0.003
GRB120426090,2.688,0.288
GRB120426585,30.973,0.003
GRB120427054,5.376,0.512
GRB120427153,22.784,-2.304
GRB120429003,1.664,-0.192
GRB120429484,15.36,-1.024
GRB120430980,14.592,-2.304
GRB120504468,41.985,-0.512
GRB120504945,5.76,-2.304
GRB120506128,2.304,-0.768
GRB120509619,0.704,-0.192
GRB120510900,62.465,1.792
GRB120511638,45.249,-0.128
GRB120512112,18.176,0.384
GRB120513531,23.808,-0.512
GRB120519721,1.056,-0.048
GRB120520949,5.76,-4.736
GRB120521380,91.134,0.004
GRB120522361,28.16,-11.52
GRB120524134,0.704,-0.128
GRB120526303,43.649,3.072
GRB120528442,16.384,-0.768
GRB120530121,77.054,0.003
GRB120531393,25.344,-2.816
GRB120603439,0.384,-0.064
GRB120604220,10.496,-2.816
GRB120604343,12.032,-2.56
GRB120605453,18.112,-0.64
GRB120608489,0.96,-0.192
GRB120608777,24.832,-14.336
GRB120609580,1.792,-0.768
GRB120611108,49.921,-9.216
GRB120612680,63.232,-10.496
GRB120612687,0.256,-0.192
GRB120616630,0.048,-0.048
GRB120618128,17.6,-0.128
GRB120618919,47.616,-20.48
GRB120619884,0.96,-0.256
GRB120624309,0.64,-0.064
GRB120624933,271.364,-257.028
GRB120625119,7.424,-0.256
GRB120629565,0.704,-0.384
GRB120701654,1.024,-0.96
GRB120702891,35.073,-1.024
GRB120703417,64.513,-0.512
GRB120703498,77.568,-2.048
GRB120703726,8.96,0.768
GRB120707800,40.96,1.52
GRB120709883,27.328,-0.128
GRB120710100,131.84,0.0
GRB120711115,44.033,62.465
GRB120711446,87.552,-1.28
GRB120712571,22.528,-1.792
GRB120713226,13.824,-3.072
GRB120715066,29.696,-4.864
GRB120716577,24.96,-5.888
GRB120716712,226.048,0.256
GRB120719146,75.009,0.768
GRB120727354,0.896,-0.896
GRB120727681,10.496,-0.224
GRB120728434,100.481,11.008
GRB120728934,32.768,-1.536
GRB120729456,25.472,-1.024
GRB120801920,479.239,-7.168
GRB120805706,1.856,-0.96
GRB120806007,26.624,-0.256
GRB120811014,0.448,-0.128
GRB120811649,14.336,-7.168
GRB120814201,0.896,-0.384
GRB120814803,0.192,-0.192
GRB120817057,36.864,-6.4
GRB120817168,0.16,-0.032
GRB120819048,66.304,-5.632
GRB120820585,107.522,-17.408
GRB120822628,1.536,-1.28
GRB120824594,111.618,-8.192
GRB120827216,5.056,-1.664
GRB120830212,16.064,0.448
GRB120830297,0.896,0.0
GRB120830702,49.665,-15.616
GRB120831901,0.384,-0.256
GRB120905657,195.587,-7.168
GRB120907017,5.76,-1.92
GRB120908873,46.849,0.576
GRB120908938,66.945,-4.608
GRB120909070,112.066,-0.768
GRB120911298,22.016,-4.48
GRB120913846,33.792,-1.536
GRB120913997,130.05,-32.001
GRB120914144,10.24,-1.28
GRB120915000,0.576,-0.32
GRB120915474,5.888,-2.304
GRB120916085,1.28,-0.256
GRB120916173,52.993,-52.737
GRB120919052,118.018,2.048
GRB120919309,21.248,0.512
GRB120919816,20.48,-3.072
GRB120920003,28.16,-1.792
GRB120921877,5.632,-0.256
GRB120922939,182.275,-113.666
GRB120926335,4.288,-0.64
GRB120926426,60.161,-2.304
GRB120926753,3.072,-1.536
GRB121004211,1.536,-0.512
GRB121005030,96.768,-31.232
GRB121005340,141.568,0.0
GRB121008424,3.456,-0.32
GRB121011469,65.793,1.024
GRB121012724,0.448,-0.128
GRB121014638,0.576,-0.64
GRB121019233,14.336,-2.56
GRB121023322,0.512,-0.128
GRB121027038,166.915,-65.537
GRB121028280,11.008,-1.792
GRB121029350,15.808,-0.896
GRB121031949,242.436,-27.392
GRB121102064,2.048,-1.536
GRB121104627,59.137,-1.024
GRB121109338,22.144,-6.912
GRB121112806,1.28,-0.128
GRB121113544,95.49,1.536
GRB121116459,0.832,-0.704
GRB121117018,331.782,-270.341
GRB121118576,33.277,0.003
GRB121119579,2.304,-0.256
GRB121122564,8.704,-1.28
GRB121122870,125.439,0.003
GRB121122885,7.936,0.512
GRB121123421,102.338,3.84
GRB121123442,42.497,2.304
GRB121124606,0.256,-0.128
GRB121125356,49.857,-6.144
GRB121125469,12.864,-2.304
GRB121127914,0.64,-0.064
GRB121128212,17.344,-0.768
GRB121202181,17.152,-4.608
GRB121205507,2.816,-0.384
GRB121210081,12.8,-1.536
GRB121211574,5.632,-3.072
GRB121211695,8.96,-0.512
GRB121216419,9.216,-2.048
GRB121217313,828.672,-807.424
GRB121220311,5.12,-1.28
GRB121221916,38.913,-3.072
GRB121223300,11.005,0.003
GRB121225417,58.497,9.472
GRB121229533,23.037,0.003
GRB121231445,32.768,-5.632
GRB130104721,26.368,-1.792
GRB130106829,11.264,-2.56
GRB130106995,70.401,-1.024
GRB130109206,8.96,-3.584
GRB130112286,35.328,-29.696
GRB130112353,2.048,-0.768
GRB130114019,8.704,-2.048
GRB130115716,13.568,-3.84
GRB130116415,66.816,-4.096
GRB130117087,78.848,1.792
GRB130118482,21.568,-5.632
GRB130121835,178.691,1.792
GRB130123843,22.016,-3.328
GRB130127299,19.456,-3.84
GRB130127743,0.144,-0.112
GRB130131511,147.459,3.584
GRB130204484,0.192,-0.128
GRB130206482,11.264,-4.608
GRB130206817,91.585,-2.56
GRB130208684,41.472,-1.024
GRB130209961,9.79,0.003
GRB130213905,15.36,-5.632
GRB130214137,96.768,-3.328
GRB130214800,13.76,-3.584
GRB130215063,143.746,-5.632
GRB130215649,58.113,6.912
GRB130216790,12.992,-5.248
GRB130216927,6.592,-0.192
GRB130217688,14.848,-11.264
GRB130218261,37.121,-6.144
GRB130219197,168.003,5.376
GRB130219626,1.536,-1.088
GRB130219775,96.129,0.64
GRB130220964,6.4,0.256
GRB130224370,70.913,-35.841
GRB130228111,107.778,-9.984
GRB130228212,15.677,0.003
GRB130304410,67.841,0.832
GRB130304658,23.296,-15.36
GRB130305486,25.6,1.28
GRB130305526,118.528,1.28
GRB130306991,120.578,-17.664
GRB130307126,0.384,-0.064
GRB130307238,63.488,-12.288
GRB130310840,16.0,4.096
GRB130314147,142.851,1.536
GRB130318456,121.088,-2.816
GRB130320560,340.992,-138.24
GRB130324042,56.32,-6.144
GRB130325005,0.64,-0.064
GRB130325203,6.912,0.768
GRB130327350,31.233,2.048
GRB130331566,13.824,-0.512
GRB130403866,22.784,-7.936
GRB130404428,3.328,-1.536
GRB130404840,34.561,0.32
GRB130404877,0.96,-0.128
GRB130406288,7.936,-0.512
GRB130406334,88.832,-5.12
GRB130406354,2.56,-1.28
GRB130407800,32.0,-5.632
GRB130408653,9.216,-4.864
GRB130409960,26.112,0.256
GRB130416690,3.072,-2.816
GRB130416770,0.192,-0.048
GRB130418844,169.472,-45.056
GRB130420313,104.962,-59.649
GRB130420343,38.913,-15.872
GRB130420422,27.328,-2.432
GRB130420539,13.824,-7.168
GRB130425327,62.209,1.856
GRB130427324,138.242,4.096
GRB130502327,24.32,7.168
GRB130502743,3.328,-0.512
GRB130503214,0.88,-0.864
GRB130504314,0.384,0.0
GRB130504978,73.217,8.704
GRB130505955,50.241,0.384
GRB130507545,60.16,0.0
GRB130509078,24.32,0.512
GRB130509839,31.488,-4.864
GRB130510877,29.44,-4.096
GRB130514560,17.408,-0.512
GRB130515056,0.256,-0.064
GRB130515430,20.48,-3.584
GRB130515755,2.56,-0.512
GRB130517781,33.28,0.512
GRB130518551,4.096,0.0
GRB130518580,48.577,9.92
GRB130522510,27.904,-0.512
GRB130523095,17.92,2.56
GRB130523198,5.376,-1.28
GRB130527627,27.776,-0.896
GRB130528503,66.304,-39.68
GRB130528695,55.553,0.576
GRB130530719,58.621,0.003
GRB130604033,26.88,-0.256
GRB130606316,24.128,-0.256
GRB130606497,52.225,5.376
GRB130609129,5.376,-2.624
GRB130609902,191.491,4.864
GRB130610133,21.76,-2.56
GRB130611538,66.816,0.256
GRB130612141,7.424,-2.56
GRB130612456,10.24,0.352
GRB130614997,9.28,-0.064
GRB130615398,21.76,-4.864
GRB130617564,0.768,-0.448
GRB130620498,14.592,-11.264
GRB130622615,0.96,-0.768
GRB130623130,29.44,-0.512
GRB130623396,44.544,-2.816
GRB130623488,22.272,-1.792
GRB130623699,7.68,-5.632
GRB130623790,42.241,0.256
GRB130624093,13.824,-2.816
GRB130626452,1.728,-0.064
GRB130626596,28.16,-18.176
GRB130627372,35.84,-17.92
GRB130628531,21.504,-0.256
GRB130628860,0.512,-0.064
GRB130630272,17.152,0.512
GRB130701060,20.224,-0.512
GRB130701761,1.6,-0.064
GRB130702004,58.881,0.768
GRB130702951,16.384,-4.096
GRB130704560,6.4,0.512
GRB130705398,0.128,-0.064
GRB130706900,0.128,-0.064
GRB130707505,76.545,-2.048
GRB130708488,14.077,0.003
GRB130715906,47.873,5.888
GRB130716352,91.136,-3.328
GRB130716442,0.768,-0.448
GRB130717734,55.296,-3.328
GRB130720116,48.64,-0.256
GRB130720582,199.172,-13.568
GRB130722021,81.408,-0.256
GRB130722990,2.304,-0.768
GRB130723092,8.192,-0.768
GRB130725527,6.656,-0.384
GRB130727698,12.992,-1.024
GRB130730243,27.904,-8.704
GRB130802730,0.064,-0.064
GRB130803419,7.616,-3.328
GRB130804023,0.96,-0.064
GRB130808253,0.256,-0.128
GRB130811186,44.801,-2.304
GRB130813791,11.264,-9.472
GRB130815420,236.292,-5.888
GRB130815660,37.889,1.28
GRB130816074,36.864,-1.024
GRB130818941,25.344,-16.896
GRB130819394,82.689,-1.536
GRB130821674,87.041,3.584
GRB130828306,136.962,13.312
GRB130828808,3.904,0.192
GRB130829672,6.656,-0.256
GRB130830864,83.968,-2.048
GRB130830921,36.352,-3.072
GRB130831058,24.832,-6.912
GRB130903033,68.608,-3.072
GRB130905377,21.248,-0.256
GRB130906222,11.264,-5.12
GRB130906435,8.192,-3.584
GRB130907760,3.136,-0.32
GRB130908677,66.048,-1.792
GRB130909817,33.792,-14.848
GRB130912358,0.512,-0.064
GRB130919173,0.96,-0.064
GRB130919352,80.897,0.768
GRB130919985,17.408,-4.096
GRB130924255,37.12,-21.76
GRB130924910,1.792,-0.256
GRB130925164,6.4,-3.84
GRB130925173,215.555,11.008
GRB130925546,265.477,-217.604
GRB130928537,132.994,0.512
GRB130929375,2.304,-2.24
GRB131002288,55.04,-46.08
GRB131004904,1.152,-0.192
GRB131006367,0.128,-0.128
GRB131006840,41.984,-4.096
GRB131008858,36.349,0.003
GRB131011741,77.057,-4.624
GRB131014215,3.2,0.96
GRB131014513,30.208,-21.248
GRB131018673,39.936,-1.024
GRB131020113,2.24,-0.832
GRB131021352,17.664,-0.768
GRB131024900,45.312,-2.304
GRB131028076,17.152,2.816
GRB131028096,14.336,-1.28
GRB131029973,104.449,1.024
GRB131029990,50.944,-7.936
GRB131030653,53.248,-1.28
GRB131030791,27.392,-2.56
GRB131031482,7.424,-0.256
GRB131102622,62.976,0.0
GRB131105087,112.642,2.496
GRB131108024,14.592,-3.584
GRB131108862,18.176,0.32
GRB131110373,27.328,-2.304
GRB131113483,60.545,3.392
GRB131117766,93.954,-1.792
GRB131118958,85.249,5.632
GRB131119781,34.816,-2.56
GRB131122490,23.04,1.536
GRB131123543,3.136,0.0
GRB131125689,3.008,-0.576
GRB131126163,0.128,-0.016
GRB131127480,59.648,0.768
GRB131127592,18.176,1.792
GRB131127696,15.104,-1.792
GRB131128629,1.984,-0.96
GRB131202633,19.968,-4.352
GRB131202906,86.017,1.28
GRB131204937,29.952,-0.512
GRB131209547,13.568,2.816
GRB131209963,4.096,-0.512
GRB131211510,44.8,-12.544
GRB131212814,7.424,-3.584
GRB131214705,80.065,2.048
GRB131215298,23.04,2.56
GRB131216081,19.262,0.003
GRB131217108,0.768,-0.064
GRB131217183,9.216,-2.304
GRB131217506,3.328,-1.088
GRB131229277,12.992,2.144
GRB131230529,3.072,-2.56
GRB131230808,49.152,-10.752
GRB131231198,31.232,13.312
GRB140102887,3.648,0.448
GRB140104731,187.137,11.008
GRB140105065,1.088,-0.384
GRB140105748,0.576,-0.192
GRB140106345,33.024,-0.512
GRB140108721,91.393,1.536
GRB140109771,0.704,-0.96
GRB140109877,3.328,-1.024
GRB140110263,9.472,-0.256
GRB140110411,0.768,-0.768
GRB140110814,81.152,-17.408
GRB140112060,12.032,-3.328
GRB140113183,68.864,-5.888
GRB140113624,4.608,-0.768
GRB140115863,14.909,0.003
GRB140115899,10.496,-1.792
GRB140118064,90.112,-71.168
GRB140122597,3.584,-0.256
GRB140124527,121.538,-12.672
GRB140126815,75.776,-58.368
GRB140129499,0.128,-0.064
GRB140204547,71.168,-1.536
GRB140206275,146.69,7.488
GRB140206304,27.264,0.512
GRB140209313,1.408,1.344
GRB140211091,3.456,-0.896
GRB140213807,18.624,0.768
GRB140216331,2.432,-1.728
GRB140217043,27.136,-0.256
GRB140218427,53.505,-1.024
GRB140219319,6.08,-0.128
GRB140219824,77.056,-2.56
GRB140223495,17.408,-0.768
GRB140224382,2.304,-0.512
GRB140224788,17.152,-1.792
GRB140227738,17.152,-16.384
GRB140302342,67.584,0.256
GRB140304557,31.232,-5.376
GRB140304849,232.708,1.024
GRB140306146,51.713,1.088
GRB140308710,12.032,0.768
GRB140311453,14.912,-1.024
GRB140311618,14.336,-3.072
GRB140311885,72.193,-4.352
GRB140319964,50.369,-1.408
GRB140320092,2.304,-1.216
GRB140322424,10.496,-2.048
GRB140323433,111.426,5.056
GRB140327065,11.52,-4.864
GRB140328560,4.16,-1.088
GRB140329272,0.064,-0.032
GRB140329295,21.248,5.648
GRB140330180,34.049,0.256
GRB140402007,0.32,-0.128
GRB140404030,84.992,-72.704
GRB140404171,26.624,0.192
GRB140404900,22.784,-1.024
GRB140405033,39.936,-0.512
GRB140406120,109.312,-32.0
GRB140406144,37.12,-4.096
GRB140408553,7.68,-1.024
GRB140414693,25.6,-11.776
GRB140416060,31.744,-2.784
GRB140422194,361.472,-4.352
GRB140423356,95.233,-66.561
GRB140426515,37.568,-4.736
GRB140427702,13.312,-3.84
GRB140428906,0.32,-0.256
GRB140429975,9.216,-5.12
GRB140430716,26.368,-12.8
GRB140501139,0.256,-0.128
GRB140501497,22.144,-0.128
GRB140502354,20.096,-1.536
GRB140506880,64.128,-3.968
GRB140508128,44.288,2.816
GRB140508179,19.456,-1.024
GRB140508629,50.433,-0.256
GRB140511095,1.408,-0.064
GRB140511995,59.136,-1.024
GRB140512814,147.97,2.048
GRB140513724,17.152,-0.512
GRB140516700,38.144,-12.544
GRB140516765,22.016,-2.304
GRB140517813,18.941,0.003
GRB140518709,0.704,-0.64
GRB140519043,47.616,-22.272
GRB140521184,46.592,-5.12
GRB140521732,11.55,0.003
GRB140523129,19.2,0.576
GRB140526449,79.104,0.512
GRB140526571,0.064,-0.064
GRB140528837,13.568,1.024
GRB140603476,138.242,-51.201
GRB140605377,0.512,-0.384
GRB140606133,22.784,0.256
GRB140608153,71.681,-4.608
GRB140608713,6.4,-0.256
GRB140610487,0.96,-0.832
GRB140610548,36.865,0.256
GRB140610689,134.144,-2.048
GRB140612294,38.913,-0.256
GRB140616165,0.512,-0.032
GRB140619475,2.816,-0.256
GRB140619490,0.448,-0.192
GRB140620219,45.825,-13.824
GRB140621827,6.4,0.0
GRB140623224,111.104,-45.824
GRB140624423,0.096,-0.08
GRB140626843,1.792,-0.256
GRB140627401,7.424,-3.584
GRB140628626,12.544,-11.776
GRB140628704,75.52,-2.304
GRB140630505,63.745,-1.28
GRB140701567,25.088,-7.68
GRB140701833,6.912,-1.792
GRB140703026,83.969,0.768
GRB140705539,26.88,-3.072
GRB140706815,43.776,-13.824
GRB140709051,69.633,-25.088
GRB140709637,156.416,-131.328
GRB140710537,0.384,-0.064
GRB140710901,11.52,-6.656
GRB140711691,80.896,-3.072
GRB140712706,28.928,-0.768
GRB140712973,28.16,-4.352
GRB140713780,5.376,-0.256
GRB140714268,132.098,-2.048
GRB140715231,77.312,0.0
GRB140716306,3.328,-0.768
GRB140716436,168.253,0.005
GRB140717827,80.64,-48.128
GRB140720158,0.32,-0.128
GRB140720280,9.984,-2.56
GRB140721336,127.746,-27.392
GRB140723067,56.32,0.0
GRB140723499,45.056,-4.096
GRB140724533,0.896,-0.256
GRB140725583,19.968,-10.752
GRB140727748,13.824,-1.792
GRB140729026,55.553,0.512
GRB140801792,7.168,0.768
GRB140807500,0.512,-0.064
GRB140808038,4.477,0.003
GRB140809133,69.12,-7.168
GRB140810782,81.665,6.656
GRB140817229,26.112,-10.752
GRB140817293,16.128,-9.216
GRB140818229,109.25,5.184
GRB140818781,20.992,-4.608
GRB140819160,6.656,-0.512
GRB140821997,32.513,10.752
GRB140824548,4.096,-0.512
GRB140824606,108.802,2.816
GRB140825328,78.593,-2.56
GRB140825980,16.384,-13.056
GRB140827763,20.992,0.768
GRB140828288,23.552,-4.096
GRB140829880,77.568,-1.024
GRB140831215,0.704,-0.384
GRB140831374,3.584,-0.256
GRB140901262,65.025,-0.512
GRB140901821,0.176,-0.016
GRB140905454,110.082,5.888
GRB140906175,37.633,-11.52
GRB140906429,20.736,1.024
GRB140907429,27.392,-7.424
GRB140907672,35.841,-10.496
GRB140911012,116.736,-0.256
GRB140912664,2.304,-0.768
GRB140916234,31.233,-14.336
GRB140917512,16.512,-0.096
GRB140918379,165.632,-3.84
GRB140919636,108.546,1.792
GRB140928100,7.68,-0.768
GRB140928437,17.92,-10.752
GRB140929677,37.12,-4.864
GRB140930134,3.264,-0.704
GRB141003564,8.704,-0.512
GRB141003788,7.424,-1.792
GRB141004150,9.472,0.32
GRB141004973,2.56,-0.384
GRB141005217,3.392,0.0
GRB141005535,11.264,-1.28
GRB141011282,0.08,-0.016
GRB141011467,12.029,0.003
GRB141012773,37.633,-25.857
GRB141013803,82.432,-0.512
GRB141016897,17.405,0.003
GRB141020439,1.6,-1.344
GRB141022061,11.52,-5.376
GRB141022087,9.216,2.112
GRB141026742,2.56,-0.512
GRB141028455,31.489,6.656
GRB141029134,192.771,16.384
GRB141030746,8.96,-1.536
GRB141031257,38.656,-1.28
GRB141031304,19.456,-5.12
GRB141031998,0.16,-0.064
GRB141102112,0.016,-0.032
GRB141102536,2.624,-0.064
GRB141102779,25.088,-21.504
GRB141105358,19.2,-7.424
GRB141105406,1.28,-0.064
GRB141109447,32.0,-0.768
GRB141110232,36.608,-27.392
GRB141111435,1.728,-1.216
GRB141112539,335.876,-12.288
GRB141112828,63.745,-6.656
GRB141113346,0.448,-0.064
GRB141114687,44.8,0.512
GRB141118678,4.352,-1.28
GRB141121414,3.84,-2.816
GRB141122087,1.28,-0.704
GRB141122875,30.72,-3.584
GRB141122956,4.096,-2.048
GRB141124277,0.512,-0.512
GRB141126233,0.896,-0.192
GRB141128962,0.272,-0.096
GRB141202470,1.408,-0.064
GRB141205018,13.056,-6.912
GRB141205337,1.28,-0.256
GRB141205763,5.437,0.003
GRB141206254,4.608,-1.28
GRB141207800,20.992,1.28
GRB141208038,14.336,-1.024
GRB141208632,0.96,-0.96
GRB141209131,78.081,2.304
GRB141213300,0.768,-0.064
GRB141215560,11.264,1.088
GRB141220252,7.616,-0.896
GRB141221338,23.808,-8.704
GRB141221897,32.513,-1.28
GRB141222298,2.752,0.0
GRB141222691,34.049,1.28
GRB141223240,94.208,-3.584
GRB141225959,56.32,-0.512
GRB141226880,38.656,-0.512
GRB141229492,13.824,0.0
GRB141229911,91.392,-31.744
GRB141230142,9.856,0.0
GRB141230834,28.928,-0.256
GRB141230871,0.224,-0.16
GRB150101270,0.48,-0.416
GRB150101641,0.08,-0.016
GRB150105257,80.641,3.584
GRB150106921,79.872,-2.816
GRB150110433,74.304,-1.344
GRB150110923,2.56,-1.024
GRB150118409,40.193,7.68
GRB150118927,0.288,0.0
GRB150120123,3.328,-0.64
GRB150120685,56.832,-1.792
GRB150122960,53.249,-0.512
GRB150126868,96.513,6.4
GRB150127398,52.736,0.256
GRB150127589,60.929,2.56
GRB150127935,84.224,2.816
GRB150128624,0.096,-0.064
GRB150128791,85.248,-3.328
GRB150131335,8.192,-4.608
GRB150131951,8.192,-0.256
GRB150201040,0.512,-0.32
GRB150201574,15.616,1.28
GRB150201590,25.6,-0.512
GRB150202999,167.427,1.536
GRB150203173,25.6,-3.584
GRB150203545,23.808,-1.536
GRB150204272,11.008,-4.608
GRB150206285,23.296,-0.256
GRB150206407,5.12,-1.024
GRB150208573,6.912,-3.84
GRB150208929,0.128,-0.128
GRB150210935,31.294,0.003
GRB150211239,18.432,-2.56
GRB150213001,4.096,0.48
GRB150214293,0.192,-0.128
GRB150215026,0.512,-0.256
GRB150216415,33.792,-0.768
GRB150219522,36.097,1.536
GRB150220598,144.643,1.024
GRB150222450,65.281,8.448
GRB150222832,74.752,-56.32
GRB150226223,1.408,-0.064
GRB150226545,174.595,45.441
GRB150226948,32.768,-3.584
GRB150227702,17.408,-1.536
GRB150228845,4.125,0.003
GRB150228981,36.609,0.454
GRB150301045,0.416,-0.032
GRB150301818,13.312,-0.256
GRB150303516,4.864,-0.256
GRB150305724,16.128,-0.256
GRB150306993,18.944,0.768
GRB150309958,52.481,3.648
GRB150312403,0.32,-0.064
GRB150313657,5.12,-1.792
GRB150314205,10.688,0.608
GRB150316400,1.984,-1.472
GRB150318521,94.72,0.768
GRB150319271,10.496,-1.536
GRB150320462,0.064,-0.064
GRB150322066,15.613,0.003
GRB150323395,56.321,0.256
GRB150323712,43.264,-14.336
GRB150324164,4.608,1.024
GRB150324319,13.056,-0.256
GRB150325696,0.08,-0.032
GRB150326521,5.888,-0.896
GRB150326542,4.096,-0.768
GRB150329288,28.928,-2.56
GRB150330828,153.859,4.672
GRB150403913,22.272,3.328
GRB150404733,4.864,-0.768
GRB150411026,15.36,-1.024
GRB150412507,0.576,-0.128
GRB150412931,0.64,-0.448
GRB150415029,34.557,0.003
GRB150416773,33.281,0.512
GRB150418819,3.84,-1.536
GRB150422294,30.208,-6.144
GRB150422703,36.865,1.536
GRB150423285,14.336,-2.56
GRB150424403,36.096,-8.96
GRB150425617,4.352,-0.768
GRB150426594,22.528,0.832
GRB150428305,32.512,0.0
GRB150430015,111.618,-4.096
GRB150501017,9.728,-0.256
GRB150502435,109.314,5.888
GRB150506398,6.784,-0.064
GRB150506630,0.512,0.0
GRB150506972,0.384,-0.192
GRB150507026,63.489,24.832
GRB150508945,113.92,-104.704
GRB150510139,51.904,0.384
GRB150511362,31.232,-0.256
GRB150512432,123.138,-19.968
GRB150513856,158.978,-157.186
GRB150514774,10.813,0.003
GRB150520893,15.616,-1.792
GRB150522433,43.776,-11.264
GRB150522944,1.024,-0.128
GRB150523396,82.433,1.792
GRB150523690,114.69,-15.872
GRB150527283,20.736,-14.592
GRB150527662,63.233,-15.36
GRB150528656,13.056,0.256
GRB150530488,7.168,-1.024
GRB150601904,0.768,-0.576
GRB150602840,10.496,-0.256
GRB150603105,67.328,-8.704
GRB150603823,102.144,0.0
GRB150604284,52.736,0.0
GRB150604434,0.896,-0.064
GRB150605782,0.176,-0.048
GRB150607330,26.173,0.003
GRB150609316,0.256,-0.24
GRB150612702,68.353,-1.28
GRB150613420,27.392,-4.096
GRB150613995,46.593,-2.816
GRB150614073,5.12,-0.512
GRB150618674,45.312,0.512
GRB150619287,57.089,0.768
GRB150622393,60.673,1.024
GRB150627183,64.577,5.312
GRB150628767,0.64,-0.064
GRB150629564,1.92,-0.96
GRB150630223,22.784,0.56
GRB150630958,39.169,-3.072
GRB150702998,45.825,1.344
GRB150703149,50.176,-16.896
GRB150703259,46.593,2.304
GRB150705009,20.992,-13.312
GRB150705588,0.704,-0.256
GRB150707124,112.384,12.032
GRB150708339,95.234,-7.168
GRB150710646,33.28,-0.512
GRB150711766,82.177,-27.904
GRB150712846,59.648,-11.52
GRB150715136,0.384,-0.192
GRB150716552,32.768,-6.912
GRB150717795,9.984,-0.512
GRB150718656,19.456,-1.536
GRB150721242,18.432,1.024
GRB150721431,0.32,-0.064
GRB150721732,11.52,-1.536
GRB150723608,33.024,0.0
GRB150724398,37.376,-10.24
GRB150724782,37.889,5.12
GRB150726877,46.849,-23.296
GRB150727793,49.409,-1.536
GRB150728151,1.728,0.0
GRB150729517,35.585,0.768
GRB150802127,313.093,-34.817
GRB150802207,9.984,-3.072
GRB150804806,51.201,-2.304
GRB150805445,45.825,0.512
GRB150805746,1.408,-0.576
GRB150806348,85.248,-1.28
GRB150809516,47.361,0.512
GRB150810485,1.28,-0.064
GRB150811849,0.64,-0.064
GRB150815604,24.576,-2.048
GRB150817087,35.584,-0.768
GRB150817251,13.312,-0.512
GRB150819440,0.96,-0.064
GRB150820880,5.888,-0.768
GRB150821406,103.426,4.096
GRB150822178,13.312,-0.512
GRB150824079,13.568,0.736
GRB150824125,32.768,-8.96
GRB150826557,33.024,-5.632
GRB150827785,10.496,-2.56
GRB150828333,12.8,-0.256
GRB150828901,2.048,-1.856
GRB150830128,44.801,-6.144
GRB150831930,13.76,-1.664
GRB150901924,0.256,-0.064
GRB150902733,13.568,3.84
GRB150904479,23.296,-4.096
GRB150906944,0.32,-0.256
GRB150908408,60.928,-0.256
GRB150911315,41.728,-18.432
GRB150911588,46.081,1.024
GRB150912443,33.537,-7.424
GRB150912600,0.32,-0.128
GRB150913161,20.992,-0.768
GRB150917148,7.424,-5.632
GRB150919606,6.656,-0.224
GRB150922234,0.144,-0.016
GRB150922718,15.872,-10.496
GRB150922883,2.816,-1.536
GRB150923297,0.192,-0.112
GRB150923429,0.192,-0.064
GRB150923864,1.792,0.0
GRB150923995,17.152,-0.512
GRB150928359,53.504,-30.208
GRB151001348,377.862,-0.64
GRB151001628,23.552,-19.968
GRB151003729,44.032,-4.864
GRB151006413,93.44,1.536
GRB151009949,18.944,-14.848
GRB151011136,25.344,0.768
GRB151014592,34.304,-1.024
GRB151021791,7.229,0.003
GRB151022577,0.32,-0.16
GRB151023104,10.24,-2.304
GRB151024179,4.608,-3.072
GRB151026169,53.248,-2.304
GRB151026523,63.232,-0.768
GRB151027166,123.394,0.256
GRB151030999,116.482,6.144
GRB151107851,139.01,2.048
GRB151111356,46.336,0.768
GRB151114645,34.816,-1.792
GRB151117442,58.561,-4.992
GRB151118554,40.897,-1.408
GRB151120349,28.416,0.512
GRB151122709,51.2,-4.352
GRB151126293,8.448,-2.048
GRB151129333,52.224,-32.768
GRB151130160,20.224,-0.512
GRB151202565,0.704,-0.064
GRB151205657,56.32,-1.28
GRB151210041,37.633,0.768
GRB151211672,40.897,-1.408
GRB151212030,22.272,-14.848
GRB151212064,13.312,0.32
GRB151218857,3.328,-0.768
GRB151219567,62.72,-0.512
GRB151222340,0.768,-0.256
GRB151227072,3.389,0.003
GRB151227218,42.753,1.28
GRB151228129,0.256,-0.064
GRB151228949,28.672,-2.56
GRB151229285,3.456,-0.128
GRB151229486,0.16,-0.064
GRB151231443,71.425,2.304
GRB151231568,0.832,-0.064
GRB160101030,4.669,0.003
GRB160101215,22.013,0.003
GRB160102500,25.344,-12.032
GRB160102936,10.496,-1.024
GRB160104475,8.704,-3.584
GRB160104918,44.288,-5.12
GRB160106948,39.425,3.584
GRB160107931,113.922,-11.52
GRB160111115,26.88,-0.512
GRB160113398,24.576,26.176
GRB160118060,46.849,1.024
GRB160119072,23.296,-4.608
GRB160123095,37.632,-3.84
GRB160125368,16.896,-1.536
GRB160131116,34.816,-2.816
GRB160131174,205.315,-0.768
GRB160201883,40.51,0.003
GRB160206430,21.504,-5.632
GRB160211119,0.96,-0.768
GRB160215773,141.314,54.273
GRB160216801,7.677,0.003
GRB160218711,20.224,-9.472
GRB160219289,3.52,0.0
GRB160219673,144.386,-0.256
GRB160220059,8.768,-0.512
GRB160220868,22.528,-7.424
GRB160221993,11.52,-1.792
GRB160222070,18.176,-5.632
GRB160223072,117.762,1.792
GRB160223416,17.92,0.0
GRB160223670,288.005,0.512
GRB160224911,0.384,-0.064
GRB160225720,70.144,-32.256
GRB160225809,64.257,2.56
GRB160226913,105.472,-2.048
GRB160227831,7.68,0.256
GRB160228034,16.128,-12.544
GRB160301215,29.697,0.256
GRB160303201,48.129,1.792
GRB160303971,27.136,-1.792
GRB160308709,88.064,-1.28
GRB160310016,25.857,-0.256
GRB160310291,23.613,0.003
GRB160314473,1.664,-0.704
GRB160314929,98.562,-3.84
GRB160315739,3.328,-2.816
GRB160316139,17.152,-4.608
GRB160316573,17.92,-0.768
GRB160317385,43.776,-0.768
GRB160318342,12.8,-4.096
GRB160323293,25.088,-2.816
GRB160325291,42.945,2.048
GRB160326062,19.456,-9.728
GRB160330827,41.985,0.512
GRB160401065,20.992,0.768
GRB160406023,23.04,-6.912
GRB160406503,0.432,-0.336
GRB160406570,66.56,-3.328
GRB160407673,7.104,-0.384
GRB160408268,1.056,-0.544
GRB160411062,0.672,-0.928
GRB160416022,26.621,0.004
GRB160419637,24.32,-20.48
GRB160421137,25.088,1.792
GRB160422499,12.288,0.832
GRB160423066,11.968,-0.64
GRB160424492,6.592,-0.64
GRB160428412,0.576,-0.384
GRB160503567,28.672,-2.56
GRB160508290,11.008,-0.512
GRB160509374,369.67,8.192
GRB160512199,78.081,-47.617
GRB160512536,104.448,-72.448
GRB160513553,1.664,-1.664
GRB160513962,65.792,-54.272
GRB160515819,84.481,-0.768
GRB160516237,2.432,-0.96
GRB160518039,22.784,-6.4
GRB160518985,27.136,-0.256
GRB160519012,98.56,-1.792
GRB160519060,17.664,-1.28
GRB160519677,19.2,-1.536
GRB160521385,2.816,0.32
GRB160521839,15.872,-0.768
GRB160522445,43.777,-0.768
GRB160523919,71.424,0.512
GRB160527080,25.344,-18.688
GRB160528276,7.168,-1.792
GRB160530667,9.024,3.584
GRB160603719,0.384,-0.128
GRB160605847,5.504,-0.064
GRB160609690,1.6,-0.32
GRB160609941,60.16,-0.256
GRB160612842,0.288,-0.128
GRB160621497,251.136,1.024
GRB160623209,107.776,-1.28
GRB160624477,0.384,-0.256
GRB160625230,43.265,-1.024
GRB160625240,10.752,-0.256
GRB160625945,453.385,188.451
GRB160628136,5.888,-1.536
GRB160628579,23.04,-10.752
GRB160629930,64.769,3.328
GRB160709370,38.657,-0.768
GRB160709826,5.44,0.0
GRB160710233,57.856,-58.112
GRB160711968,25.344,-19.456
GRB160714097,0.32,-0.064
GRB160716144,28.928,-3.328
GRB160717813,66.817,-4.352
GRB160718975,8.448,-0.256
GRB160720275,14.336,-6.144
GRB160720767,69.889,37.889
GRB160721806,9.984,0.0
GRB160724444,11.008,-0.032
GRB160726065,0.768,-0.064
GRB160727971,3.136,-2.24
GRB160728337,18.688,-3.328
GRB160731024,28.672,-5.376
GRB160802259,16.384,0.288
GRB160804065,131.586,-50.689
GRB160804180,0.64,-0.064
GRB160804775,151.808,-5.632
GRB160804968,0.192,-0.16
GRB160806584,1.664,-0.192
GRB160813297,7.936,-1.28
GRB160814622,1.664,-0.832
GRB160815299,21.248,-4.608
GRB160815490,7.104,-2.944
GRB160816414,11.776,-8.448
GRB160816730,11.072,0.384
GRB160818198,6.4,-1.28
GRB160818230,2.176,-1.984
GRB160819852,33.536,5.376
GRB160820496,0.448,-0.064
GRB160821857,43.009,118.53
GRB160821937,1.088,-0.064
GRB160822672,0.04,-0.016
GRB160824598,3.456,0.0
GRB160825799,6.144,-0.512
GRB160826938,1.792,-1.344
GRB160827586,51.2,-4.096
GRB160827616,6.4,-4.096
GRB160827837,24.576,-8.448
GRB160829334,0.512,-0.064
GRB160831411,50.689,0.832
GRB160905471,33.537,3.84
GRB160908136,156.672,-20.736
GRB160909061,18.432,-12.032
GRB160910722,24.32,4.608
GRB160912350,32.705,-0.128
GRB160912521,84.481,3.84
GRB160912674,48.128,1.024
GRB160917456,14.592,-4.608
GRB160917479,19.456,-0.256
GRB160917921,10.752,-0.768
GRB160919613,62.465,-9.728
GRB160919858,79.104,0.0
GRB160920249,15.616,-0.768
GRB160921087,48.897,-0.512
GRB160922856,20.736,-5.888
GRB160924253,74.496,-6.4
GRB160925221,50.944,-1.792
GRB160928825,6.141,0.003
GRB160929529,4.608,-0.512
GRB161001045,2.24,-0.128
GRB161004964,12.8,1.28
GRB161005977,19.456,-3.072
GRB161007009,30.72,-0.768
GRB161009651,92.16,0.256
GRB161012214,11.008,-5.12
GRB161012416,44.288,-22.016
GRB161012637,6.4,-1.792
GRB161013948,34.816,-1.024
GRB161014522,36.609,-3.328
GRB161015400,0.192,-0.096
GRB161015710,15.104,0.256
GRB161017745,37.888,-19.456
GRB161020024,12.288,-7.68
GRB161020759,24.32,3.584
GRB161020767,22.078,0.003
GRB161022114,26.368,-15.872
GRB161026373,0.112,-0.032
GRB161105417,41.473,1.28
GRB161106499,10.752,0.768
GRB161106786,12.544,-5.376
GRB161109263,23.552,3.84
GRB161110179,1.792,-1.536
GRB161111197,118.528,-1.024
GRB161112496,71.422,0.003
GRB161115745,0.032,-0.048
GRB161117066,122.178,4.096
GRB161119633,77.824,-60.672
GRB161121186,0.128,-0.128
GRB161125931,69.633,-32.257
GRB161128216,6.912,-1.536
GRB161129300,36.096,5.376
GRB161201342,12.8,-3.328
GRB161205561,33.536,-1.28
GRB161206064,33.537,-5.376
GRB161207224,8.192,-2.56
GRB161207813,36.352,-2.304
GRB161210524,2.304,-1.792
GRB161212652,2.816,-0.384
GRB161213295,23.296,-2.304
GRB161214722,22.528,-0.256
GRB161217128,3.584,-1.536
GRB161218222,0.32,-0.064
GRB161218356,25.857,1.536
GRB161220605,41.729,1.024
GRB161227498,2.56,-0.448
GRB161228032,39.937,1.024
GRB161228388,72.704,-18.176
GRB161228405,50.176,-0.256
GRB161228553,47.105,-0.256
GRB161229878,33.537,2.56
GRB161230298,0.448,-0.448
GRB161230511,48.896,-0.256
GRB170101116,12.8,0.32
GRB170101374,2.304,-0.576
GRB170106968,31.232,-0.768
GRB170109137,293.637,1.024
GRB170110967,34.048,-0.256
GRB170111760,0.832,-0.704
GRB170111815,3.072,-1.6
GRB170112970,7.36,-0.256
GRB170113420,49.152,-4.096
GRB170114833,29.184,0.32
GRB170114917,12.032,0.512
GRB170115662,120.32,-1.024
GRB170115743,44.288,0.512
GRB170116238,9.216,-1.024
GRB170119228,28.928,-5.632
GRB170120471,28.928,-2.048
GRB170121067,2.304,-0.064
GRB170121133,1.6,-1.472
GRB170121614,46.337,-11.264
GRB170124238,39.168,0.768
GRB170124528,0.448,-0.32
GRB170124874,22.784,1.792
GRB170125022,3.904,-2.432
GRB170125102,0.672,-0.672
GRB170126480,13.824,0.256
GRB170127067,0.128,0.0
GRB170127634,1.728,-0.064
GRB170130302,50.177,-0.256
GRB170130510,101.122,-5.12
GRB170130697,29.184,-13.056
GRB170131969,23.04,-2.56
GRB170203486,0.336,-0.064
GRB170205521,5.376,-0.128
GRB170206453,1.168,0.208
GRB170207906,38.913,1.28
GRB170208553,53.761,2.304
GRB170208758,7.168,0.0
GRB170208940,22.016,-7.936
GRB170209048,39.677,0.003
GRB170210116,76.545,17.92
GRB170212034,15.872,-3.072
GRB170214649,122.882,12.544
GRB170219002,0.096,-0.032
GRB170219110,10.24,-2.048
GRB170222209,1.664,-0.064
GRB170228773,46.081,-0.256
GRB170228794,60.673,1.568
GRB170301812,12.544,-1.536
GRB170302166,3.84,-0.768
GRB170302719,87.808,-66.816
GRB170302876,89.856,0.768
GRB170304003,0.16,-0.016
GRB170305256,0.448,-0.032
GRB170306130,32.257,-5.888
GRB170306588,18.944,4.608
GRB170307851,28.416,-2.304
GRB170308221,11.52,3.072
GRB170310417,13.568,-10.24
GRB170310883,18.176,-1.536
GRB170313125,41.984,-2.304
GRB170315582,16.128,-1.28
GRB170316710,39.425,-4.608
GRB170317666,212.995,1.84
GRB170318644,4.096,-2.112
GRB170323058,33.536,-26.88
GRB170323775,35.328,-8.96
GRB170325331,0.576,-0.064
GRB170326489,9.728,-4.352
GRB170329387,33.536,0.256
GRB170402285,7.229,0.003
GRB170402961,22.528,0.256
GRB170403583,0.48,-0.096
GRB170403707,14.016,-0.64
GRB170405777,78.593,7.424
GRB170409112,64.001,29.44
GRB170412917,81.601,-26.241
GRB170412988,31.232,0.256
GRB170414551,45.824,-0.768
GRB170416583,61.952,-5.12
GRB170419898,24.064,0.0
GRB170419983,12.541,0.003
GRB170422343,25.344,8.672
GRB170423719,46.593,3.072
GRB170423872,9.984,-0.256
GRB170424425,53.249,2.816
GRB170428136,27.648,-5.632
GRB170429799,220.163,-131.842
GRB170430204,0.384,-0.192
GRB170501467,47.36,-0.768
GRB170504734,0.704,-0.832
GRB170506169,0.832,-0.448
GRB170510217,127.746,2.816
GRB170511249,40.705,0.512
GRB170511477,2.304,-0.768
GRB170511648,1.28,-1.28
GRB170514152,12.032,-0.256
GRB170514180,103.938,1.28
GRB170516808,11.008,-5.12
GRB170520202,6.144,-4.096
GRB170521882,7.68,-4.864
GRB170522657,7.424,0.576
GRB170527480,49.153,1.088
GRB170530581,19.456,-6.912
GRB170604603,0.32,-0.064
GRB170606968,11.264,-1.536
GRB170607946,18.176,2.816
GRB170607971,20.928,-0.128
GRB170610689,19.2,0.256
GRB170611937,27.904,-3.84
GRB170614255,122.626,1.28
GRB170614486,26.88,2.56
GRB170614505,5.376,-2.048
GRB170616047,9.216,-1.536
GRB170616165,56.32,0.0
GRB170618475,52.481,-4.096
GRB170621784,32.0,-5.888
GRB170625692,22.784,-2.56
GRB170626401,12.288,0.512
GRB170627931,17.152,-6.912
GRB170629537,28.16,1.024
GRB170705115,22.781,0.004
GRB170705200,27.648,-0.256
GRB170705244,5.888,-2.304
GRB170708046,0.144,-0.016
GRB170709334,1.856,-0.576
GRB170710340,42.24,0.512
GRB170711019,15.104,-1.28
GRB170711713,1.152,-0.832
GRB170711931,12.288,-1.28
GRB170714049,0.224,-0.224
GRB170715878,12.8,-2.816
GRB170717952,11.776,-0.512
GRB170718152,40.192,-9.984
GRB170722525,37.376,0.0
GRB170723076,20.224,-4.096
GRB170723677,20.992,-1.792
GRB170723882,5.376,-4.096
GRB170724543,19.2,-0.512
GRB170726249,1.792,-0.768
GRB170726794,78.08,-1.536
GRB170727841,19.2,-2.304
GRB170728961,46.336,0.0
GRB170730133,6.656,-1.28
GRB170731751,90.112,-35.328
GRB170801690,10.24,-5.376
GRB170802638,2.24,-0.128
GRB170803172,6.656,-0.768
GRB170803415,66.816,-4.096
GRB170803729,3.584,-0.192
GRB170804911,26.368,-11.008
GRB170805901,25.856,-1.536
GRB170808065,4.352,-0.256
GRB170808936,17.664,4.096
GRB170810918,136.96,-17.664
GRB170813051,111.872,-0.512
GRB170816258,61.44,-14.336
GRB170816599,1.6,-0.064
GRB170817529,2.048,-0.192
GRB170817908,2.624,0.0
GRB170818137,0.576,-0.064
GRB170821265,52.992,-1.536
GRB170825307,6.656,-0.512
GRB170825500,7.168,0.256
GRB170825784,65.024,-43.264
GRB170826369,0.256,-0.16
GRB170826819,11.008,1.28
GRB170827818,0.832,-0.448
GRB170829414,51.457,-4.608
GRB170829674,81.152,0.0
GRB170830069,216.835,0.512
GRB170830135,117.25,0.256
GRB170830328,14.592,-1.792
GRB170831179,57.345,-1.024
GRB170901007,5.888,-0.768
GRB170901255,8.96,-4.864
GRB170901345,29.696,-8.192
GRB170903534,25.6,-1.536
GRB170906030,78.849,12.032
GRB170906039,11.52,-0.256
GRB170906485,45.568,-2.304
GRB170910368,27.392,-3.84
GRB170911267,19.968,-8.192
GRB170912273,13.568,0.0
GRB170912985,0.48,-0.448
GRB170915161,15.613,0.003
GRB170915520,0.64,-0.064
GRB170916700,5.12,-2.304
GRB170918139,0.128,-0.032
GRB170921168,39.361,1.024
GRB170923101,46.08,-3.072
GRB170923188,59.454,0.003
GRB170923566,27.648,-3.328
GRB170926528,15.36,-0.256
GRB170926782,0.896,-0.128
GRB170928607,9.216,-0.256
GRB170929513,9.472,-3.072
GRB170929699,8.96,-1.28
GRB171002969,7.936,-0.512
GRB171004672,48.125,0.003
GRB171004857,8.192,-2.56
GRB171007498,3.456,-1.408
GRB171008080,1.472,-1.024
GRB171009138,47.104,-1.28
GRB171010792,107.266,16.64
GRB171010875,25.344,-2.56
GRB171011162,101.888,-39.168
GRB171011810,0.48,-0.448
GRB171013350,39.425,0.256
GRB171017823,86.272,-4.352
GRB171020813,19.2,-1.536
GRB171022085,37.633,-8.704
GRB171022885,13.278,0.003
GRB171023097,64.257,-3.888
GRB171024977,35.072,-3.584
GRB171025213,6.4,-2.304
GRB171025416,19.712,-5.888
GRB171025913,7.936,-4.608
GRB171029020,19.712,-4.352
GRB171030729,0.096,-0.064
GRB171102107,48.385,7.68
GRB171103655,25.6,-0.256
GRB171106498,10.752,-0.512
GRB171108656,0.032,-0.016
GRB171112868,302.789,-199.556
GRB171117515,105.922,-4.224
GRB171119992,26.369,0.832
GRB171120556,44.062,0.003
GRB171124235,26.177,-0.704
GRB171126216,165.888,-1.792
GRB171126235,1.472,0.0
GRB171201068,59.136,-0.768
GRB171202113,81.152,1.536
GRB171206122,15.36,-1.536
GRB171207055,0.176,-0.064
GRB171207809,25.6,-0.256
GRB171208733,2.624,-0.896
GRB171209671,13.824,-1.024
GRB171210493,143.107,3.584
GRB171211844,148.226,5.12
GRB171212222,19.968,-1.024
GRB171212434,32.001,-1.024
GRB171212948,6.656,-2.304
GRB171213061,111.616,-58.368
GRB171215705,28.928,-3.072
GRB171219279,1.152,-0.896
GRB171222684,80.384,0.768
GRB171223818,0.384,-0.032
GRB171227000,37.633,7.744
GRB171230048,9.984,0.768
GRB171230119,1.28,-1.216
GRB171230955,70.401,4.352
GRB180102660,13.312,-8.192
GRB180103090,0.016,-0.016
GRB180110608,1.536,-1.024
GRB180111815,19.2,-10.752
GRB180112842,9.472,-0.256
GRB180113011,15.872,0.32
GRB180113116,11.264,0.32
GRB180113418,24.576,5.376
GRB180116026,59.904,-1.792
GRB180116678,122.624,0.768
GRB180119837,3.008,-0.256
GRB180120207,28.928,1.344
GRB180122129,4.352,-3.84
GRB180123820,0.32,-0.128
GRB180124392,86.528,5.632
GRB180125891,22.784,2.048
GRB180126095,18.432,0.256
GRB180127049,34.817,-2.56
GRB180127879,17.664,-2.304
GRB180128215,0.208,-0.096
GRB180128252,38.913,0.512
GRB180128881,1.792,-0.512
GRB180130049,120.578,-0.768
GRB180130744,0.256,-0.192
GRB180131528,0.96,-0.896
GRB180201706,0.192,-0.064
GRB180201780,0.64,-0.576
GRB180204109,1.152,-0.064
GRB180205184,15.36,-1.792
GRB180205323,47.36,-16.384
GRB180206203,0.448,-0.32
GRB180208764,17.408,-9.472
GRB180210517,38.913,4.096
GRB180210991,48.129,0.576
GRB180211754,20.48,-3.584
GRB180218635,5.632,1.536
GRB180219482,108.034,5.888
GRB180222239,50.689,-27.905
GRB180225417,0.896,-0.448
GRB180227211,0.288,-0.224
GRB180305393,13.056,1.536
GRB180306479,63.488,-7.168
GRB180306973,39.68,-6.144
GRB180307073,136.707,-37.633
GRB180309322,24.576,-3.584
GRB180311074,0.96,-0.448
GRB180313978,0.08,0.0
GRB180314030,22.016,0.768
GRB180330891,14.333,0.003
GRB180401280,33.792,-21.248
GRB180401846,23.04,2.304
GRB180402406,0.448,-0.32
GRB180402481,0.256,-0.256
GRB180403565,36.609,-15.104
GRB180404091,80.897,1.024
GRB180404848,0.544,-0.48
GRB180405169,28.477,0.003
GRB180409346,13.056,1.28
GRB180410336,102.402,-2.048
GRB180411519,77.57,1.792
GRB180411546,29.696,-8.96
GRB180412425,20.992,0.256
GRB180413118,57.857,-22.273
GRB180416340,103.426,1.792
GRB180416924,69.888,0.512
GRB180417689,0.256,-0.064
GRB180418281,2.56,-0.064
GRB180420031,59.392,-1.28
GRB180420107,62.977,-19.456
GRB180423033,54.784,-8.192
GRB180423266,3.328,-0.512
GRB180426005,38.145,-4.096
GRB180426549,16.189,0.003
GRB180427442,25.921,1.088
GRB180428102,64.51,0.003
GRB180504136,25.345,-1.28
GRB180505540,21.76,1.792
GRB180506077,44.033,0.256
GRB180506902,23.296,-5.888
GRB180511364,0.128,-0.032
GRB180511437,1.984,-0.256
GRB180511606,9.216,-1.024
GRB180513815,20.48,-3.84
GRB180515814,20.224,1.024
GRB180516229,13.824,-0.512
GRB180517309,41.728,-37.888
GRB180521935,31.232,-14.336
GRB180522607,6.912,-1.024
GRB180522678,12.032,-0.512
GRB180523782,1.984,-0.064
GRB180524416,13.312,-3.072
GRB180524920,4.096,-1.792
GRB180525151,0.544,-0.064
GRB180528371,16.896,-2.304
GRB180528465,8.192,-7.936
GRB180602938,0.008,-0.016
GRB180605458,24.064,0.576
GRB180606730,6.08,-0.448
GRB180610377,163.331,-69.121
GRB180610568,8.448,-4.864
GRB180610791,27.648,-0.768
GRB180611145,8.96,-0.256
GRB180612785,101.122,0.256
GRB180614327,9.216,-8.96
GRB180615462,22.528,-0.256
GRB180617872,1.92,-0.96
GRB180618030,3.712,-0.064
GRB180618724,130.05,2.048
GRB180620354,98.05,-69.825
GRB180620660,46.721,-0.512
GRB180622273,13.568,-1.28
GRB180622578,58.881,0.768
GRB180623849,15.872,1.856
GRB180625941,0.704,-0.128
GRB180626392,0.96,-0.64
GRB180630335,48.896,-2.304
GRB180630467,12.032,-2.048
GRB180701469,25.601,2.304
GRB180703876,20.736,1.536
GRB180703949,1.536,0.128
GRB180706351,38.144,-28.928
GRB180709099,11.008,-4.096
GRB180710062,90.112,-9.216
GRB180712358,37.12,-2.304
GRB180712651,54.272,-0.512
GRB180715087,5.12,-1.024
GRB180715741,1.664,-0.064
GRB180715755,0.704,-0.192
GRB180718082,0.08,-0.048
GRB180718201,7.168,-2.048
GRB180718763,98.306,1.6
GRB180720213,8.896,0.704
GRB180720598,48.897,4.352
GRB180720933,23.296,-8.448
GRB180721642,0.064,-0.032
GRB180722120,12.544,-7.168
GRB180722418,51.457,-2.048
GRB180722993,86.53,4.608
GRB180723133,3.072,-0.768
GRB180723757,19.712,0.768
GRB180724807,58.113,1.024
GRB180724984,4.608,-2.304
GRB180727594,0.896,-0.192
GRB180728575,6.144,-0.768
GRB180728728,6.4,10.24
GRB180728882,0.832,-0.064
GRB180730018,0.256,-0.256
GRB180731891,31.233,-0.256
GRB180801276,0.32,-0.064
GRB180801492,7.424,-0.512
GRB180803590,0.384,-0.384
GRB180804554,43.517,0.004
GRB180804765,21.504,-5.12
GRB180804909,4.608,-4.096
GRB180804931,18.432,-3.328
GRB180805543,0.96,-0.448
GRB180806665,8.448,-2.56
GRB180806944,15.616,-1.024
GRB180807097,54.272,-16.896
GRB180809485,236.036,-62.209
GRB180810278,15.104,-1.792
GRB180812349,38.4,-0.256
GRB180814505,100.608,-50.432
GRB180816088,34.561,-0.256
GRB180816930,19.456,-6.4
GRB180818179,4.416,-0.576
GRB180818520,169.216,-36.096
GRB180821653,13.568,-2.048
GRB180822423,8.448,-0.512
GRB180822562,152.003,-5.76
GRB180823442,47.745,-5.12
GRB180826055,290.565,-84.482
GRB180828790,8.256,1.6
GRB180905400,7.168,-0.768
GRB180906597,52.03,0.003
GRB180906759,13.309,0.003
GRB180906988,3.328,-0.256
GRB180910032,38.401,-2.048
GRB180910156,28.928,-0.768
GRB180910352,0.256,-0.064
GRB180912274,41.217,-0.512
GRB180913783,0.768,-0.064
GRB180914522,122.37,9.984
GRB180917477,4.864,-3.072
GRB180922461,6.4,-0.512
GRB180922734,16.896,-12.032
GRB180923931,8.192,0.512
GRB180925407,0.896,-0.576
GRB180927993,4.608,-1.024
GRB180929453,2.944,-0.256
GRB181002617,1.664,-0.064
GRB181007385,46.336,-26.624
GRB181007737,23.552,-0.256
GRB181008269,33.025,3.328
GRB181008877,224.516,-15.872
GRB181010247,9.728,-8.704
GRB181014479,33.537,-1.024
GRB181016718,0.08,-0.032
GRB181020424,13.312,-9.984
GRB181020792,15.104,0.512
GRB181022846,13.824,-0.512
GRB181026540,44.8,0.256
GRB181027076,89.856,-60.416
GRB181028590,29.697,2.048
GRB181029892,18.688,-0.512
GRB181103046,11.776,-2.56
GRB181111654,15.104,-0.768
GRB181116484,68.609,3.328
GRB181117663,87.554,-28.161
GRB181119606,16.445,0.003
GRB181119649,25.344,0.0
GRB181120265,17.374,0.003
GRB181121307,0.256,-0.32
GRB181121401,0.192,-0.064
GRB181122381,73.728,0.256
GRB181125092,9.216,-5.632
GRB181125371,3.84,-1.792
GRB181126162,1.664,-1.472
GRB181126413,2.112,-1.92
GRB181126729,9.216,-4.608
GRB181127274,12.288,-2.304
GRB181128129,1.728,-0.64
GRB181128751,17.664,-0.768
GRB181203880,41.217,-0.256
GRB181206970,89.088,-4.608
GRB181208188,62.465,-3.584
GRB181212693,57.601,0.832
GRB181215110,37.438,0.003
GRB181216551,43.52,-8.448
GRB181217665,42.497,1.792
GRB181221565,15.616,-4.864
GRB181222279,130.691,2.24
GRB181222841,0.576,0.032
GRB181224987,1.088,-0.192
GRB181225489,41.473,-0.992
GRB181225786,1.792,-0.128
GRB181226600,5.12,-1.28
GRB181227262,13.184,1.984
GRB181227571,25.856,-3.84
GRB181228120,17.664,1.92
GRB181231144,36.865,-6.912
GRB181231359,3.072,-0.768
GRB181231954,28.929,-2.304
GRB190102258,122.112,-0.512
GRB190106866,11.773,0.003
GRB190107050,67.584,-2.304
GRB190109217,123.902,0.004
GRB190109497,8.192,-5.376
GRB190110726,8.96,-0.768
GRB190114873,116.354,0.704
GRB190117369,35.585,-1.024
GRB190118937,0.576,-0.064
GRB190119249,34.304,-1.28
GRB190122305,54.016,0.0
GRB190123513,16.896,-9.472
GRB190129515,8.704,-1.28
GRB190129539,9.984,-1.28
GRB190131109,49.92,-5.12
GRB190131964,63.232,0.256
GRB190202069,18.432,1.536
GRB190202234,97.536,-34.56
GRB190202634,17.152,-10.24
GRB190204627,41.216,-22.272
GRB190205938,98.05,-63.745
GRB190212482,17.92,-0.256
GRB190215772,23.296,1.536
GRB190217188,11.52,-8.448
GRB190218330,50.177,-0.512
GRB190220844,108.544,-49.664
GRB190222312,13.824,-2.304
GRB190222537,13.312,0.32
GRB190226515,0.192,-0.032
GRB190228973,50.944,-7.68
GRB190303240,64.768,-6.912
GRB190304371,62.208,-0.768
GRB190304818,2.88,-1.6
GRB190306943,180.483,-12.544
GRB190307151,75.521,4.096
GRB190308923,45.568,0.0
GRB190310398,59.393,2.816
GRB190311600,12.544,-5.632
GRB190312446,12.8,-0.768
GRB190315512,29.184,1.792
GRB190319353,13.886,0.003
GRB190319375,21.76,0.32
GRB190320052,43.009,-1.024
GRB190321363,55.809,-0.256
GRB190323179,4.736,-0.448
GRB190323303,30.465,0.256
GRB190323548,1.28,-0.512
GRB190323879,38.401,5.408
GRB190324348,52.225,8.96
GRB190324947,26.881,16.128
GRB190325999,316.933,2.56
GRB190326314,55.809,2.56
GRB190326975,20.736,0.768
GRB190327111,36.864,-0.256
GRB190330694,36.097,0.512
GRB190331093,4.8,-0.064
GRB190401139,42.753,1.024
GRB190404293,9.472,-7.424
GRB190406450,11.776,-6.4
GRB190406465,15.104,-6.144
GRB190406745,80.384,-6.144
GRB190407575,58.88,-0.512
GRB190407672,17.664,-0.768
GRB190407788,2.432,0.0
GRB190409901,1.6,-0.96
GRB190411407,18.688,-14.848
GRB190411579,60.928,-1.28
GRB190415173,52.481,0.8
GRB190419414,212.741,1.792
GRB190420981,1.472,-0.128
GRB190422284,80.386,-0.256
GRB190422670,20.736,-11.264
GRB190422957,213.252,-150.019
GRB190425089,7.68,-4.096
GRB190427190,0.368,-0.016
GRB190428783,16.64,-0.512
GRB190429743,22.272,-1.024
GRB190501794,424.967,-230.66
GRB190502168,11.776,-1.536
GRB190504415,77.568,-41.984
GRB190504678,0.704,-0.576
GRB190505051,0.032,-0.016
GRB190507270,84.993,-2.304
GRB190507712,0.096,-0.096
GRB190507970,36.352,1.536
GRB190508808,37.633,0.768
GRB190508987,119.808,-58.368
GRB190510120,69.633,-2.816
GRB190510430,0.64,-0.064
GRB190511302,27.648,2.56
GRB190512611,28.16,-0.512
GRB190515190,1.264,-0.112
GRB190517813,4.861,0.003
GRB190519309,43.521,1.28
GRB190525032,0.896,-0.064
GRB190530430,18.432,1.792
GRB190531312,57.089,-0.256
GRB190531568,0.32,-0.08
GRB190531840,38.145,6.72
GRB190601325,0.64,-0.128
GRB190603795,22.528,1.28
GRB190604446,31.998,0.003
GRB190605974,3.584,-0.64
GRB190606080,0.224,0.0
GRB190607071,37.888,-12.288
GRB190608009,85.25,2.304
GRB190609315,97.538,-16.128
GRB190610750,37.889,10.24
GRB190610834,3.072,-2.304
GRB190611950,100.61,0.768
GRB190612165,144.896,-2.816
GRB190613172,17.149,0.003
GRB190613449,4.864,-1.792
GRB190615636,16.896,-3.84
GRB190619018,177.92,-97.792
GRB190619595,134.914,-30.977
GRB190620507,51.713,8.704
GRB190622368,31.744,-12.8
GRB190623461,9.728,-2.56
GRB190626254,23.808,-4.864
GRB190627481,8.96,-0.512
GRB190628521,19.2,-4.096
GRB190630257,0.224,-0.16
GRB190707285,36.353,1.024
GRB190707308,34.304,-5.632
GRB190708365,27.392,-8.448
GRB190712018,1.792,-0.64
GRB190712095,6.4,-2.048
GRB190714573,66.049,0.256
GRB190716019,61.184,-36.096
GRB190716917,6.909,0.003
GRB190719113,84.738,-8.96
GRB190719499,54.529,2.048
GRB190719624,175.62,0.32
GRB190720613,6.144,0.576
GRB190720964,10.496,-0.256
GRB190723309,24.576,-0.768
GRB190724031,0.08,-0.032
GRB190726642,307.974,-1.536
GRB190726843,224.26,1.792
GRB190727668,47.361,-0.256
GRB190727846,35.073,3.072
GRB190728271,0.832,-0.64
GRB190731943,15.872,1.792
GRB190804058,4.224,-0.064
GRB190804792,8.448,0.0
GRB190805106,9.216,-0.256
GRB190805199,21.504,-0.512
GRB190806535,13.824,-0.768
GRB190806675,20.992,0.32
GRB190808498,47.36,-3.584
GRB190808752,31.233,1.536
GRB190810675,0.16,0.0
GRB190813520,0.192,-0.064
GRB190814837,9.984,-1.536
GRB190817953,8.448,-1.024
GRB190821716,59.904,-34.816
GRB190822705,0.768,-0.128
GRB190824616,108.546,-0.768
GRB190825171,12.032,-8.448
GRB190827467,43.777,-2.304
GRB190828542,63.489,-27.648
GRB190828614,19.968,0.768
GRB190829830,59.393,0.512
GRB190830023,12.288,-1.792
GRB190830264,5.376,0.0
GRB190831332,40.961,-3.84
GRB190831693,17.92,-2.304
GRB190901890,473.097,3.584
GRB190903722,0.272,-0.064
GRB190904174,7.68,-7.424
GRB190905985,0.704,-0.576
GRB190906767,23.04,-0.256
GRB190910028,9.216,-1.792
GRB190913155,0.128,-0.096
GRB190914345,132.098,-7.68
GRB190915240,13.824,0.256
GRB190916590,37.376,-0.256
GRB190919764,41.985,3.584
GRB190921699,22.272,-5.888
GRB190923617,3.584,-0.64
GRB190930400,185.86,-3.84
GRB191001279,24.0,-3.712
GRB191008297,32.513,-4.864
GRB191009298,61.697,1.024
GRB191011192,25.088,-3.84
GRB191015327,8.192,-3.84
GRB191017391,67.841,3.584
GRB191017957,3.136,-0.32
GRB191019469,11.264,-0.512
GRB191019970,137.73,9.216
GRB191022285,12.288,-3.328
GRB191022341,77.824,-53.248
GRB191023630,172.547,7.936
GRB191026350,59.136,-7.68
GRB191027638,7.168,0.0
GRB191028174,4.864,-0.768
GRB191028589,34.305,-6.656
GRB191031025,200.196,-6.4
GRB191031635,9.984,-3.072
GRB191031780,77.825,3.328
GRB191031891,0.256,0.0
GRB191101895,10.496,-8.448
GRB191108003,125.699,1.536
GRB191110587,14.848,-6.912
GRB191111347,5.376,-1.024
GRB191111364,88.066,4.608
GRB191111547,158.212,0.768
GRB191112369,50.432,-4.352
GRB191113578,11.776,-0.256
GRB191117006,7.424,-1.28
GRB191117637,1.28,-0.512
GRB191118925,36.353,3.072
GRB191119261,8.448,-5.888
GRB191125206,77.313,1.792
GRB191125634,46.336,-3.84
GRB191129141,19.968,2.048
GRB191130253,121.09,-45.313
GRB191130507,61.953,1.504
GRB191202867,30.721,1.024
GRB191203290,0.832,-0.448
GRB191205741,2.048,-4.096
GRB191213254,18.944,-8.192
GRB191213784,9.216,-2.048
GRB191220589,27.905,3.328
GRB191221802,2.24,-0.064
GRB191225309,112.384,-5.632
GRB191225735,82.69,-1.792
GRB191227069,25.089,9.472
GRB191227723,0.208,-0.016
GRB200101861,9.984,4.928
GRB200103678,9.984,-0.512
GRB200103689,68.096,-0.256
GRB200105914,16.896,-3.84
GRB200107810,81.154,-17.92
GRB200109074,40.96,0.0
GRB200110518,153.859,-3.072
GRB200111633,6.016,0.128
GRB200112395,38.912,-6.4
GRB200112525,4.925,0.003
GRB200114153,29.693,0.003
GRB200117517,28.416,-1.28
GRB200119692,19.2,-10.24
GRB200120962,12.8,-1.28
GRB200122221,2.816,-1.536
GRB200125864,5.824,0.768
GRB200126466,0.768,-0.64
GRB200127758,33.025,1.28
GRB200128153,0.576,-0.192
GRB200129409,0.112,-0.016
GRB200130248,56.577,-1.792
GRB200130417,11.293,0.003
GRB200201040,12.544,-3.328
GRB200205845,17.408,-5.632
GRB200206706,13.824,-7.424
GRB200207058,15.616,-1.536
GRB200208052,20.992,-0.512
GRB200211310,78.594,2.048
GRB200211813,55.04,-16.896
GRB200212451,10.496,-4.608
GRB200215611,24.32,-17.664
GRB200216380,8.192,-6.4
GRB200216564,12.032,-1.024
GRB200219317,1.152,-0.064
GRB200219413,9.984,-6.912
GRB200219998,21.632,1.024
GRB200221162,1.728,-0.576
GRB200223814,65.281,-20.224
GRB200224212,299.525,-41.985
GRB200224416,0.064,-0.032
GRB200227306,24.32,1.344
GRB200228291,3.584,-0.256
GRB200228469,14.08,-3.328
GRB200301320,18.176,0.576
GRB200303107,82.177,2.304
GRB200306934,0.992,-0.512
GRB200307894,1.664,-0.576
GRB200308941,43.008,-2.816
GRB200311636,52.481,1.056
GRB200313071,13.568,0.768
GRB200313456,5.184,-0.256
GRB200317028,7.616,-0.128
GRB200318941,10.24,-0.256
GRB200319323,20.48,-0.512
GRB200320414,9.021,0.003
GRB200323006,7.168,-2.304
GRB200323782,2.112,0.064
GRB200325138,0.96,-0.064
GRB200325620,36.609,-2.304
GRB200326517,96.512,-15.616
GRB200327873,0.64,-0.064
GRB200401292,4.48,-3.328
GRB200402403,55.809,-1.024
GRB200402688,23.808,-2.304
GRB200402824,33.792,-17.152
GRB200403896,58.881,-36.865
GRB200403919,37.377,-7.936
GRB200403974,18.432,-14.08
GRB200404706,26.624,-1.792
GRB200405394,14.848,-0.256
GRB200407265,3.072,-1.152
GRB200407388,47.872,-30.976
GRB200411187,1.44,-0.032
GRB200412290,12.606,0.002
GRB200412381,6.08,5.184
GRB200415367,0.144,-0.016
GRB200416295,9.344,-1.792
GRB200418865,38.145,-2.56
GRB200420106,0.32,-0.224
GRB200421865,67.073,-0.768
GRB200423579,0.032,-0.064
GRB200425701,7.936,-1.28
GRB200501435,1.536,-0.128
GRB200502574,25.344,-0.256
GRB200503721,92.93,-24.32
GRB200505994,9.984,-0.256
GRB200506020,116.994,-4.096
GRB200506208,11.776,-5.376
GRB200506404,204.548,-6.144
GRB200507662,55.297,3.072
GRB200509818,2.176,-0.192
GRB200509958,13.312,-8.704
GRB200510445,9.981,0.003
GRB200514380,1.664,-0.384
GRB200517786,27.392,-2.56
GRB200522650,30.977,-1.28
GRB200524211,37.761,0.704
GRB200525611,93.44,-9.728
GRB200528436,56.577,2.56
GRB200529039,84.992,-2.56
GRB200529504,46.592,-38.4
GRB200530031,22.528,3.072
GRB200531119,27.392,-4.608
GRB200601097,153.859,0.512
GRB200604778,70.4,-8.96
GRB200605762,0.32,-0.032
GRB200607362,20.48,-1.024
GRB200607921,26.625,0.576
GRB200609380,92.16,-58.112
GRB200612201,984.084,-570.38
GRB200613229,478.026,3.648
GRB200614608,9.728,-0.256
GRB200615250,49.664,0.512
GRB200616048,23.297,-8.704
GRB200616654,24.576,-6.912
GRB200617679,1.216,-0.96
GRB200619108,28.672,0.256
GRB200619252,15.104,-0.256
GRB200619492,50.432,-0.512
GRB200622092,32.001,1.024
GRB200623138,0.096,-0.064
GRB200623752,0.704,-0.192
GRB200625532,63.488,-0.512
GRB200626105,3.52,-0.576
GRB200630980,102.146,-69.377
GRB200702892,23.04,-3.072
GRB200703341,0.704,-0.064
GRB200703970,32.513,5.12
GRB200705674,16.128,-2.816
GRB200706231,0.832,-0.064
GRB200706633,17.152,-11.776
GRB200707072,17.152,0.0
GRB200709147,51.969,-20.736
GRB200710036,0.288,-0.128
GRB200711461,29.441,0.768
GRB200713919,5.12,-1.792
GRB200714247,8.704,-0.256
GRB200714344,0.96,-0.064
GRB200714437,152.576,1.536
GRB200714661,3.328,-4.608
GRB200714774,20.736,0.576
GRB200716060,45.057,2.816
GRB200716316,51.457,1.088
GRB200716957,5.312,0.128
GRB200722094,64.769,1.28
GRB200723691,58.113,-1.28
GRB200724213,228.352,3.584
GRB200801352,30.72,-6.656
GRB200801650,63.745,0.512
GRB200802491,91.138,1.28
GRB200803149,118.274,2.304
GRB200803703,54.784,-20.992
GRB200808469,27.904,-5.376
GRB200809211,64.512,-33.024
GRB200809255,106.498,-10.24
GRB200809654,17.408,0.0
GRB200811632,40.193,3.328
GRB200816486,31.488,-3.584
GRB200817393,30.464,-22.272
GRB200818998,4.096,-4.352
GRB200824594,3.584,-2.304
GRB200826187,1.136,0.032
GRB200826923,7.424,2.304
GRB200829582,6.912,16.896
GRB200830413,15.104,-7.936
GRB200901158,10.176,-0.128
GRB200903031,26.881,-5.376
GRB200903113,80.897,-22.784
GRB200903902,7.168,-1.792
GRB200904085,37.632,-13.312
GRB200906550,67.329,-49.153
GRB200907957,140.803,2.56
GRB200908886,6.144,-1.28
GRB200909168,28.097,-3.456
GRB200915144,1.536,-0.32
GRB200915846,0.96,-0.064
GRB200916812,108.8,-108.8
GRB200919569,2.56,-0.832
GRB200919964,48.129,3.84
GRB200920651,1.472,-1.536
GRB200920831,0.384,-0.064
GRB200922718,0.32,-0.064
GRB200922753,48.896,-4.096
GRB200923748,0.64,-0.32
GRB200924235,58.113,-9.728
GRB200924284,7.168,-1.024
GRB200924386,2.816,-0.256
GRB200925610,50.176,-1.536
GRB200928290,0.128,-0.128
GRB200928552,14.848,-0.256
GRB200929204,2.048,-1.024
GRB201001416,29.184,-7.424
GRB201004094,28.416,-0.256
GRB201004365,36.353,-1.024
GRB201006054,4.288,-0.192
GRB201007123,195.332,-1.024
GRB201008443,2.048,0.0
GRB201008754,55.041,-0.512
GRB201011629,126.21,-1.792
GRB201011837,56.576,-0.768
GRB201012233,64.001,0.768
GRB201016019,2.944,6.304
GRB201016136,165.123,-126.722
GRB201017407,8.96,-4.096
GRB201019069,16.896,0.256
GRB201019484,13.568,-1.536
GRB201020241,21.504,-14.848
GRB201020732,15.872,2.304
GRB201021111,20.48,1.28
GRB201021852,35.328,-5.888
GRB201026943,281.349,-39.425
GRB201029847,105.474,-1.024
GRB201031744,34.048,-14.848
GRB201103259,0.192,-0.064
GRB201104001,52.48,0.0
GRB201104622,0.96,-0.896
GRB201104808,40.448,-3.584
GRB201105215,4.608,-2.048
GRB201105230,17.152,1.6
GRB201105482,0.96,-0.832
GRB201108645,68.864,-0.768
GRB201109105,0.448,-0.064
GRB201111323,3.584,-0.768
GRB201116035,6.784,1.28
GRB201120402,8.192,-3.776
GRB201120442,3.136,-0.64
GRB201121062,59.649,0.768
GRB201121130,15.36,-0.768
GRB201127147,7.424,-1.536
GRB201128746,11.264,-2.048
GRB201130230,1.28,-0.256
GRB201201120,44.288,-39.68
GRB201207977,17.408,-0.512
GRB201208252,44.801,-11.52
GRB201213746,46.336,-25.088
GRB201214672,0.448,-0.448
GRB201215266,13.056,-1.28
GRB201216792,77.312,-4.096
GRB201216963,29.953,5.376
GRB201217108,37.121,-2.56
GRB201218177,14.336,1.28
GRB201218798,75.265,-3.072
GRB201221591,0.032,-0.016
GRB201221963,0.144,-0.032
GRB201221978,7.168,-0.512
GRB201222461,7.872,-3.456
GRB201223173,25.6,-16.896
GRB201223749,33.281,-18.945
GRB201226553,70.914,-1.024
GRB201227635,0.112,-0.016
GRB201228102,25.344,-3.584
GRB201228640,30.977,-0.256
GRB201229639,77.826,0.768
GRB201231447,9.984,-3.584
GRB201231550,21.184,-0.128
GRB201231622,0.256,-0.064
GRB210101620,23.297,-0.512
GRB210101861,19.456,-0.512
GRB210102861,83.97,-64.001
GRB210104477,31.745,0.512
GRB210105669,5.12,-3.328
GRB210108424,7.168,-1.024
GRB210113379,38.4,-3.328
GRB210117458,12.544,0.32
GRB210119121,0.048,-0.016
GRB210120299,22.205,0.004
GRB210123305,13.056,0.512
GRB210125369,68.864,-18.176
GRB210126417,61.441,-1.536
GRB210127268,33.28,-17.152
GRB210201567,39.68,-26.368
GRB210202841,17.664,0.768
GRB210204270,206.852,35.841
GRB210204777,32.0,-11.008
GRB210207603,11.008,-0.768
GRB210210713,64.513,-4.864
GRB210211363,28.673,-2.304
GRB210213741,15.36,-1.536
GRB210225218,87.808,-76.544
GRB210226197,18.88,-0.896
GRB210227115,17.92,-0.256
GRB210228058,3.776,0.0
GRB210228277,42.753,-11.008
GRB210303425,13.056,-1.792
GRB210305794,61.697,-7.168
GRB210306162,9.536,0.128
GRB210306397,15.104,-2.304
GRB210308276,5.437,0.003
GRB210308838,0.384,-0.064
GRB210309999,0.512,-0.384
GRB210312169,65.281,-35.585
GRB210315716,5.632,-1.024
GRB210317381,46.337,1.28
GRB210318131,24.32,-6.144
GRB210323502,13.568,-4.352
GRB210323918,0.96,-0.064
GRB210324468,31.745,0.512
GRB210324809,4.864,-0.256
GRB210324833,67.073,5.632
GRB210326057,0.576,-0.128
GRB210328865,54.785,-0.512
GRB210401970,301.061,2.816
GRB210402920,76.032,-59.648
GRB210404141,1.344,-0.128
GRB210405351,14.848,-8.704
GRB210406716,21.76,-0.256
GRB210406949,19.712,1.024
GRB210410037,48.128,0.0
GRB210411146,42.497,4.096
GRB210411564,47.873,-13.568
GRB210411688,60.673,-39.937
GRB210413991,2.048,-1.152
GRB210415284,16.896,-10.496
GRB210419882,37.377,-1.024
GRB210420215,29.44,-3.84
GRB210421455,11.008,-1.536
GRB210422573,11.008,-0.256
GRB210424694,5.888,-2.24
GRB210424778,43.776,-2.816
GRB210427206,18.688,-0.768
GRB210429658,12.288,-4.096
GRB210430904,37.12,-1.536
GRB210501205,8.192,-2.56
GRB210501940,0.832,-0.448
GRB210502295,4.992,-0.064
GRB210503815,32.768,-17.408
GRB210504959,13.568,-4.096
GRB210507778,2.816,-0.256
GRB210510806,1.344,-0.192
GRB210511458,17.92,-3.328
GRB210511477,5.888,0.512
GRB210512789,0.832,-0.192
GRB210515546,1.6,-1.472
GRB210515623,16.384,-1.536
GRB210516982,2.688,-0.832
GRB210518033,15.104,-3.84
GRB210518545,6.4,0.32
GRB210518889,0.896,-0.192
GRB210524208,20.992,-0.512
GRB210524473,31.168,-1.92
GRB210528586,1.024,0.0
GRB210529677,2.368,-1.344
GRB210529996,12.288,-1.28
GRB210531500,20.48,1.28
GRB210601724,0.96,-0.768
GRB210602865,14.592,-0.768
GRB210603907,7.936,-3.328
GRB210605215,0.448,-0.064
GRB210605622,110.338,1.024
GRB210606164,11.008,-8.704
GRB210606945,243.717,42.497
GRB210610628,8.192,-3.328
GRB210610827,55.041,19.712
GRB210615892,6.4,-0.256
GRB210615982,1.856,-1.472
GRB210618072,3.584,-1.408
GRB210619532,1.28,-0.064
GRB210619999,54.785,0.576
GRB210620204,53.76,-0.512
GRB210621447,15.616,-0.512
GRB210622064,40.704,0.256
GRB210622440,16.128,-1.792
GRB210624041,0.304,-0.032
GRB210625891,4.096,-0.768
GRB210626345,34.048,-3.328
GRB210626991,46.337,0.768
GRB210627312,12.8,-4.096
GRB210627748,15.68,0.96
GRB210701834,68.864,-1.024
GRB210704684,43.521,1.792
GRB210704815,4.672,0.32
GRB210706346,7.232,-0.256
GRB210706571,3.84,-0.064
GRB210709201,30.977,-19.2
GRB210711432,1.6,-0.704
GRB210712405,7.168,-0.512
GRB210714331,42.369,1.024
GRB210715866,0.384,-0.064
GRB210716485,5.184,-4.48
GRB210719164,40.704,-2.816
GRB210721978,9.984,-6.336
GRB210722871,61.953,-0.512
GRB210723615,42.753,0.512
GRB210724105,13.568,-0.768
GRB210725048,6.976,0.064
GRB210725158,47.104,0.512
GRB210726106,47.872,-0.256
GRB210727410,1.088,0.064
GRB210730207,4.16,0.064
GRB210731092,72.45,4.096
GRB210731367,28.929,-0.512
GRB210731931,25.857,1.792
GRB210801581,13.824,-0.256
GRB210801649,5.376,-1.28
GRB210802839,10.24,0.32
GRB210803497,9.216,0.192
GRB210805002,0.832,-0.576
GRB210807525,8.704,-0.768
GRB210807687,7.68,-1.28
GRB210807955,125.442,2.56
GRB210812011,37.633,-3.84
GRB210812699,39.873,-0.384
GRB210813038,82.433,3.84
GRB210815100,7.168,0.0
GRB210820004,13.76,-6.272
GRB210821291,51.712,-3.328
GRB210821320,7.168,0.256
GRB210822273,18.624,-0.64
GRB210822729,2.176,-0.064
GRB210824174,40.192,-3.84
GRB210826293,19.712,0.512
GRB210827416,8.704,-2.56
GRB210827424,35.585,-0.256
GRB210903021,1.344,-1.024
GRB210903077,15.872,-9.472
GRB210903727,18.176,-2.304
GRB210904866,3.904,-0.704
GRB210909447,1.408,-0.064
GRB210912522,2.56,-2.816
GRB210915530,113.41,-1.28
GRB210915630,33.536,-2.048
GRB210917157,7.04,-2.432
GRB210919653,1.6,-0.064
GRB210923124,128.512,-34.816
GRB210924960,10.24,-1.28
GRB210925800,229.124,4.864
GRB210926044,7.424,-0.512
GRB210926869,6.912,-0.256
GRB210927031,1.184,-0.224
GRB210927996,32.257,79.617
GRB210928084,23.808,2.56
GRB210929154,1.92,-1.088
GRB210929821,1.792,-0.512
GRB211002338,13.568,-1.28
GRB211002740,4.861,0.003
