name,file version
GRB080714086,2
GRB080714425,2
GRB080714745,2
GRB080715950,2
GRB080717543,2
GRB080719529,2
GRB080723557,2
GRB080723913,2
GRB080723985,2
GRB080724401,2
GRB080725435,2
GRB080725541,2
GRB080727964,2
GRB080730520,2
GRB080730786,2
GRB080802386,2
GRB080803772,2
GRB080804456,3
GRB080804972,2
GRB080805496,2
GRB080805584,2
GRB080806584,2
GRB080806896,2
GRB080807993,2
GRB080808451,2
GRB080808565,2
GRB080809808,2
GRB080812889,2
GRB080815917,1
GRB080816503,3
GRB080816989,3
GRB080817161,4
GRB080817720,3
GRB080818579,1
GRB080818945,1
GRB080821332,1
GRB080823363,1
GRB080824909,1
GRB080825593,1
GRB080828189,1
GRB080829790,1
GRB080830368,1
GRB080831053,2
GRB080831921,1
GRB080904886,1
GRB080905499,1
GRB080905570,1
GRB080905705,1
GRB080906212,4
GRB080912360,1
GRB080913735,1
GRB080916009,1
GRB080916406,1
GRB080919790,1
GRB080920268,1
GRB080924766,1
GRB080927480,1
GRB080928628,2
GRB081003644,1
GRB081006604,1
GRB081006872,1
GRB081009140,1
GRB081009690,2
GRB081012549,1
GRB081017474,1
GRB081021398,1
GRB081022364,1
GRB081024245,1
GRB081024851,1
GRB081024891,1
GRB081025349,1
GRB081028538,1
GRB081101167,1
GRB081101491,1
GRB081101532,4
GRB081102365,1
GRB081102739,1
GRB081105614,4
GRB081107321,1
GRB081109293,3
GRB081110601,1
GRB081113230,1
GRB081115891,1
GRB081118876,1
GRB081119184,3
GRB081120618,1
GRB081121858,1
GRB081122520,1
GRB081122614,1
GRB081124060,1
GRB081126899,1
GRB081130212,1
GRB081204004,2
GRB081204517,1
GRB081206275,3
GRB081206604,1
GRB081206987,1
GRB081207680,2
GRB081209981,3
GRB081213173,1
GRB081215784,2
GRB081215880,1
GRB081216531,2
GRB081217983,4
GRB081221681,3
GRB081222204,1
GRB081223419,1
GRB081224887,2
GRB081225257,1
GRB081226044,1
GRB081226156,2
GRB081226509,1
GRB081229187,1
GRB081229675,0
GRB081230871,1
GRB090101758,1
GRB090102122,1
GRB090108322,2
GRB090109332,2
GRB090112332,2
GRB090113778,1
GRB090117335,1
GRB090117632,2
GRB090117640,1
GRB090120627,1
GRB090126227,3
GRB090126245,1
GRB090129880,1
GRB090131090,2
GRB090202347,3
GRB090206620,1
GRB090207777,1
GRB090213236,1
GRB090217206,3
GRB090219074,1
GRB090222179,1
GRB090225009,3
GRB090227310,1
GRB090228204,3
GRB090228976,3
GRB090301315,3
GRB090304216,1
GRB090305052,3
GRB090306245,1
GRB090307167,2
GRB090308734,2
GRB090309767,3
GRB090310189,1
GRB090316311,1
GRB090319622,2
GRB090320045,1
GRB090320418,1
GRB090320801,1
GRB090326633,3
GRB090327404,3
GRB090328401,1
GRB090328713,3
GRB090330279,4
GRB090331681,1
GRB090403314,2
GRB090405663,2
GRB090409288,1
GRB090411838,2
GRB090411991,3
GRB090412061,1
GRB090413122,1
GRB090418816,2
GRB090419997,2
GRB090422150,2
GRB090423330,3
GRB090424592,2
GRB090425377,3
GRB090426066,3
GRB090426690,1
GRB090427644,3
GRB090427688,2
GRB090429530,3
GRB090429753,1
GRB090502777,1
GRB090509215,2
GRB090510016,1
GRB090510325,1
GRB090511684,2
GRB090513941,1
GRB090514006,3
GRB090514726,1
GRB090514734,1
GRB090516137,2
GRB090516353,2
GRB090516853,1
GRB090518080,3
GRB090519462,3
GRB090519881,2
GRB090520832,1
GRB090520850,1
GRB090520876,1
GRB090522344,1
GRB090524346,2
GRB090528173,2
GRB090528516,3
GRB090529310,1
GRB090529564,1
GRB090530760,3
GRB090531775,1
GRB090602564,3
GRB090606471,2
GRB090608052,1
GRB090610648,2
GRB090610723,3
GRB090610883,2
GRB090612619,3
GRB090616157,2
GRB090617208,2
GRB090618353,2
GRB090620400,1
GRB090620901,1
GRB090621185,1
GRB090621417,1
GRB090621447,1
GRB090621922,2
GRB090623107,1
GRB090623913,1
GRB090625234,1
GRB090626189,1
GRB090629543,1
GRB090630311,4
GRB090701225,2
GRB090703329,2
GRB090704242,2
GRB090704783,1
GRB090706283,2
GRB090708152,2
GRB090709630,2
GRB090711850,2
GRB090712160,2
GRB090717111,1
GRB090718720,1
GRB090720276,2
GRB090720710,3
GRB090725838,3
GRB090726218,2
GRB090730608,2
GRB090802235,3
GRB090802666,1
GRB090804940,2
GRB090805622,2
GRB090807832,2
GRB090809978,1
GRB090810659,3
GRB090810781,2
GRB090811696,1
GRB090813174,1
GRB090814368,2
GRB090814950,1
GRB090815300,2
GRB090815438,2
GRB090815946,2
GRB090817036,3
GRB090819607,1
GRB090820027,1
GRB090820509,1
GRB090823133,3
GRB090824918,3
GRB090826068,2
GRB090828099,2
GRB090829672,3
GRB090829702,3
GRB090831317,1
GRB090902401,3
GRB090902462,1
GRB090904058,3
GRB090904581,1
GRB090907017,1
GRB090907808,2
GRB090908314,2
GRB090908341,1
GRB090909487,1
GRB090909854,1
GRB090910812,2
GRB090912660,2
GRB090915650,1
GRB090917661,1
GRB090920035,1
GRB090922539,1
GRB090922605,2
GRB090924625,1
GRB090925389,1
GRB090926181,1
GRB090926914,2
GRB090927422,1
GRB090928646,2
GRB090929190,1
GRB091002685,1
GRB091003191,1
GRB091005679,1
GRB091006360,1
GRB091010113,1
GRB091012783,1
GRB091013989,1
GRB091015129,1
GRB091017861,1
GRB091017985,1
GRB091018957,1
GRB091019750,1
GRB091020900,1
GRB091020977,1
GRB091023021,1
GRB091024372,1
GRB091024380,1
GRB091026485,1
GRB091026550,1
GRB091030613,2
GRB091030828,2
GRB091031500,1
GRB091101143,1
GRB091102607,1
GRB091103912,1
GRB091106762,2
GRB091107635,1
GRB091109895,2
GRB091112737,1
GRB091112928,1
GRB091115177,1
GRB091117080,1
GRB091120191,1
GRB091122163,2
GRB091123081,3
GRB091123298,2
GRB091126333,1
GRB091126389,0
GRB091128285,2
GRB091201089,1
GRB091202072,1
GRB091202219,2
GRB091207333,1
GRB091208410,1
GRB091209001,3
GRB091215234,1
GRB091219462,1
GRB091220442,1
GRB091221870,2
GRB091223191,1
GRB091223511,1
GRB091224373,1
GRB091227294,1
GRB091230260,1
GRB091230712,1
GRB091231206,1
GRB091231540,1
GRB100101028,1
GRB100101988,2
GRB100107074,1
GRB100111176,1
GRB100112418,1
GRB100116897,1
GRB100117879,1
GRB100118100,1
GRB100122616,1
GRB100126460,1
GRB100130729,2
GRB100130777,1
GRB100131730,3
GRB100201588,2
GRB100204024,3
GRB100204566,1
GRB100204858,1
GRB100205490,1
GRB100206563,2
GRB100207665,1
GRB100207721,1
GRB100208386,1
GRB100210101,1
GRB100211440,1
GRB100212550,1
GRB100212588,2
GRB100216422,1
GRB100218194,1
GRB100219026,2
GRB100221368,1
GRB100223110,1
GRB100224112,2
GRB100225115,2
GRB100225249,1
GRB100225580,2
GRB100225703,2
GRB100228873,2
GRB100301068,2
GRB100301223,1
GRB100302061,0
GRB100304004,3
GRB100304534,3
GRB100306199,1
GRB100307928,2
GRB100311518,1
GRB100313288,1
GRB100313509,1
GRB100315361,1
GRB100318611,1
GRB100322045,2
GRB100323542,1
GRB100324172,1
GRB100325246,1
GRB100325275,1
GRB100326294,1
GRB100326402,2
GRB100328141,1
GRB100330309,4
GRB100330856,1
GRB100401297,1
GRB100406758,1
GRB100410356,1
GRB100410740,4
GRB100411516,2
GRB100413732,2
GRB100414097,2
GRB100417166,1
GRB100417789,1
GRB100420008,2
GRB100421917,3
GRB100423244,1
GRB100424729,2
GRB100424876,2
GRB100427356,1
GRB100429999,1
GRB100502356,1
GRB100503554,2
GRB100504806,2
GRB100506653,1
GRB100507577,1
GRB100510810,1
GRB100511035,1
GRB100513879,2
GRB100515467,1
GRB100516369,1
GRB100516396,1
GRB100517072,2
GRB100517132,1
GRB100517154,1
GRB100517243,1
GRB100517639,2
GRB100519204,2
GRB100522157,1
GRB100525744,2
GRB100527795,2
GRB100528075,1
GRB100530737,1
GRB100604287,1
GRB100605774,1
GRB100608382,1
GRB100609783,3
GRB100612545,1
GRB100612726,2
GRB100614498,2
GRB100615083,2
GRB100616773,2
GRB100619015,1
GRB100620119,1
GRB100621452,2
GRB100621529,1
GRB100625773,2
GRB100625891,1
GRB100629801,1
GRB100704149,2
GRB100706693,1
GRB100707032,2
GRB100709602,1
GRB100714672,3
GRB100714686,3
GRB100715477,3
GRB100717372,3
GRB100717446,3
GRB100718160,3
GRB100718796,3
GRB100719311,4
GRB100719825,4
GRB100719989,3
GRB100722096,3
GRB100722291,2
GRB100724029,3
GRB100725475,3
GRB100727238,3
GRB100728095,2
GRB100728439,4
GRB100730463,2
GRB100802240,3
GRB100804104,2
GRB100805300,2
GRB100805845,2
GRB100810049,3
GRB100811108,3
GRB100811781,2
GRB100814160,2
GRB100814351,2
GRB100816009,3
GRB100816026,4
GRB100819498,2
GRB100820373,2
GRB100825287,2
GRB100826957,2
GRB100827455,2
GRB100829374,4
GRB100829876,2
GRB100831651,2
GRB100902990,2
GRB100905907,2
GRB100906576,2
GRB100907751,3
GRB100910818,3
GRB100911816,3
GRB100915243,3
GRB100916779,2
GRB100918863,3
GRB100919884,2
GRB100922625,2
GRB100923844,3
GRB100924165,2
GRB100926595,2
GRB100926694,2
GRB100929235,2
GRB100929315,2
GRB100929916,4
GRB101002279,2
GRB101003244,2
GRB101004426,3
GRB101008697,3
GRB101010190,2
GRB101011707,3
GRB101013412,2
GRB101014175,2
GRB101015558,3
GRB101016243,2
GRB101017619,2
GRB101021009,2
GRB101021063,3
GRB101023951,2
GRB101024486,3
GRB101025146,2
GRB101025267,0
GRB101026034,2
GRB101027230,2
GRB101030664,2
GRB101031625,3
GRB101101744,2
GRB101101899,3
GRB101102840,4
GRB101104810,2
GRB101107011,2
GRB101112924,4
GRB101112984,3
GRB101113483,4
GRB101116481,2
GRB101117496,4
GRB101119685,3
GRB101123952,4
GRB101126198,2
GRB101127093,3
GRB101127102,3
GRB101128322,2
GRB101129652,2
GRB101129726,3
GRB101130074,3
GRB101201418,4
GRB101202154,2
GRB101204343,2
GRB101205309,2
GRB101206036,2
GRB101207536,2
GRB101208203,2
GRB101208498,2
GRB101211485,3
GRB101213451,2
GRB101213849,4
GRB101214748,2
GRB101214993,2
GRB101216721,2
GRB101219686,2
GRB101220576,2
GRB101220864,2
GRB101223834,2
GRB101224227,2
GRB101224578,3
GRB101224614,2
GRB101224998,3
GRB101225377,2
GRB101227195,2
GRB101227406,2
GRB101227536,4
GRB101231067,2
GRB110101202,2
GRB110101506,2
GRB110102788,4
GRB110105877,2
GRB110106893,2
GRB110107886,3
GRB110112934,2
GRB110117364,3
GRB110117626,3
GRB110118857,3
GRB110119931,3
GRB110120666,4
GRB110123804,2
GRB110124784,3
GRB110125894,2
GRB110128073,3
GRB110130230,2
GRB110131780,3
GRB110201399,2
GRB110204179,2
GRB110205027,4
GRB110205588,2
GRB110206202,2
GRB110207470,2
GRB110207959,3
GRB110209165,2
GRB110212550,2
GRB110213220,4
GRB110213876,3
GRB110217591,2
GRB110220761,2
GRB110221244,2
GRB110226989,3
GRB110227009,2
GRB110227229,2
GRB110227420,3
GRB110228011,2
GRB110228792,3
GRB110301214,4
GRB110302043,2
GRB110304071,2
GRB110307972,3
GRB110311812,3
GRB110316139,2
GRB110318552,3
GRB110319628,4
GRB110319815,4
GRB110321346,2
GRB110322558,2
GRB110328520,3
GRB110331604,3
GRB110401920,2
GRB110402009,2
GRB110407998,2
GRB110409179,2
GRB110410133,2
GRB110410772,3
GRB110411629,2
GRB110412315,2
GRB110413938,3
GRB110415541,2
GRB110420946,2
GRB110421757,3
GRB110422029,3
GRB110424758,2
GRB110426629,2
GRB110428338,2
GRB110428388,2
GRB110430375,2
GRB110503145,2
GRB110505203,2
GRB110509142,2
GRB110509475,2
GRB110511616,2
GRB110517453,2
GRB110517573,2
GRB110520302,2
GRB110521478,2
GRB110522256,2
GRB110522296,2
GRB110522633,3
GRB110523344,2
GRB110526715,4
GRB110528624,2
GRB110529034,3
GRB110529262,2
GRB110529811,2
GRB110531448,2
GRB110601681,2
GRB110605183,2
GRB110605780,2
GRB110609185,2
GRB110609425,2
GRB110610640,2
GRB110613631,2
GRB110616648,2
GRB110618366,3
GRB110618760,2
GRB110622158,2
GRB110624906,4
GRB110625579,3
GRB110625881,3
GRB110626448,2
GRB110629174,2
GRB110702187,2
GRB110705151,3
GRB110705364,2
GRB110706202,2
GRB110706477,2
GRB110706728,2
GRB110706977,2
GRB110709463,2
GRB110709642,2
GRB110709862,2
GRB110710954,2
GRB110716018,2
GRB110717180,2
GRB110717319,2
GRB110720177,2
GRB110721200,3
GRB110722694,2
GRB110722710,2
GRB110725236,2
GRB110726211,2
GRB110728056,2
GRB110729142,2
GRB110730008,2
GRB110730660,2
GRB110731465,2
GRB110801335,2
GRB110803783,2
GRB110806934,3
GRB110809461,2
GRB110812899,2
GRB110813237,2
GRB110817191,2
GRB110818860,2
GRB110819665,3
GRB110820476,2
GRB110824009,3
GRB110825102,2
GRB110825265,3
GRB110828575,2
GRB110831282,2
GRB110901230,2
GRB110903009,4
GRB110903111,2
GRB110904124,2
GRB110904163,2
GRB110904531,4
GRB110906302,2
GRB110909116,2
GRB110911071,2
GRB110916016,3
GRB110919634,2
GRB110920338,2
GRB110920546,2
GRB110921444,2
GRB110921577,3
GRB110921912,2
GRB110923481,0
GRB110923835,3
GRB110926107,2
GRB110928180,2
GRB110929187,2
GRB110930564,2
GRB111001804,2
GRB111003465,2
GRB111005398,3
GRB111008992,3
GRB111009282,2
GRB111010237,3
GRB111010660,3
GRB111010709,3
GRB111010899,2
GRB111011094,2
GRB111012456,2
GRB111012811,3
GRB111015427,2
GRB111017657,2
GRB111018595,3
GRB111018785,3
GRB111022854,3
GRB111024722,3
GRB111024896,3
GRB111025078,3
GRB111103441,3
GRB111103948,2
GRB111105457,4
GRB111107035,4
GRB111107076,2
GRB111109453,2
GRB111109873,2
GRB111112908,4
GRB111113410,3
GRB111114233,2
GRB111117526,3
GRB111120556,2
GRB111124308,2
GRB111127810,2
GRB111201599,2
GRB111203054,2
GRB111203609,2
GRB111207512,2
GRB111208353,2
GRB111216389,3
GRB111220486,2
GRB111221739,2
GRB111222619,3
GRB111226795,2
GRB111228453,2
GRB111228657,2
GRB111230683,2
GRB111230819,2
GRB111231622,0
GRB120101354,3
GRB120102095,3
GRB120102416,2
GRB120105584,3
GRB120107384,3
GRB120109824,3
GRB120111051,4
GRB120114433,2
GRB120114681,4
GRB120117291,0
GRB120118709,2
GRB120118898,3
GRB120119170,2
GRB120119229,2
GRB120119354,3
GRB120120432,3
GRB120121101,3
GRB120121251,3
GRB120122300,3
GRB120129312,3
GRB120130699,2
GRB120130906,4
GRB120203812,4
GRB120204054,2
GRB120205285,2
GRB120206949,2
GRB120210650,3
GRB120212353,2
GRB120212383,2
GRB120213606,2
GRB120217808,3
GRB120217904,2
GRB120218276,3
GRB120219563,2
GRB120220210,2
GRB120222021,2
GRB120222119,2
GRB120223933,2
GRB120224282,2
GRB120224898,3
GRB120226447,2
GRB120226871,3
GRB120227391,2
GRB120227725,2
GRB120302080,4
GRB120302722,4
GRB120304061,3
GRB120304248,4
GRB120308588,3
GRB120312671,4
GRB120314412,4
GRB120316008,3
GRB120319983,3
GRB120323162,3
GRB120323507,3
GRB120326056,3
GRB120327418,3
GRB120328268,4
GRB120331055,4
GRB120402669,4
GRB120403857,4
GRB120410585,3
GRB120411925,3
GRB120412055,3
GRB120412920,3
GRB120415076,3
GRB120415891,3
GRB120415958,3
GRB120420249,3
GRB120420858,2
GRB120426090,3
GRB120426585,3
GRB120427153,3
GRB120429003,4
GRB120429484,2
GRB120430980,3
GRB120504468,2
GRB120504945,2
GRB120506128,4
GRB120509619,3
GRB120510900,3
GRB120511638,2
GRB120512112,2
GRB120513531,2
GRB120519721,4
GRB120520949,3
GRB120521380,3
GRB120522361,2
GRB120524134,3
GRB120526303,3
GRB120528442,3
GRB120530121,3
GRB120531393,3
GRB120603439,2
GRB120604220,2
GRB120604343,2
GRB120605453,2
GRB120608489,2
GRB120608777,2
GRB120609580,2
GRB120611108,2
GRB120612680,3
GRB120612687,4
GRB120616630,2
GRB120618128,3
GRB120618919,3
GRB120619884,2
GRB120624309,3
GRB120624933,2
GRB120625119,3
GRB120629565,2
GRB120701654,2
GRB120702891,2
GRB120703417,3
GRB120703498,2
GRB120703726,4
GRB120707800,3
GRB120709883,3
GRB120710100,2
GRB120711115,2
GRB120711446,3
GRB120712571,0
GRB120713226,1
GRB120715066,1
GRB120716577,1
GRB120716712,4
GRB120719146,1
GRB120727354,1
GRB120727681,1
GRB120728434,1
GRB120728934,1
GRB120729456,1
GRB120801920,2
GRB120805706,1
GRB120806007,1
GRB120811014,1
GRB120811649,1
GRB120814201,1
GRB120814803,2
GRB120817057,1
GRB120817168,4
GRB120819048,0
GRB120820585,1
GRB120822628,2
GRB120824594,1
GRB120827216,1
GRB120830212,0
GRB120830297,1
GRB120830702,0
GRB120831901,0
GRB120905657,0
GRB120907017,0
GRB120908873,0
GRB120908938,0
GRB120909070,1
GRB120911298,0
GRB120913846,1
GRB120913997,1
GRB120914144,0
GRB120915000,0
GRB120915474,0
GRB120916085,1
GRB120916173,1
GRB120919052,0
GRB120919309,1
GRB120919816,1
GRB120920003,1
GRB120921877,0
GRB120922939,0
GRB120926335,0
GRB120926426,1
GRB120926753,0
GRB121004211,0
GRB121005030,1
GRB121005340,0
GRB121008424,0
GRB121011469,0
GRB121012724,0
GRB121014638,1
GRB121019233,0
GRB121023322,0
GRB121027038,2
GRB121028280,0
GRB121029350,0
GRB121031949,0
GRB121102064,0
GRB121104627,0
GRB121109338,0
GRB121112806,0
GRB121113544,0
GRB121116459,1
GRB121117018,1
GRB121118576,1
GRB121119579,0
GRB121122564,0
GRB121122870,0
GRB121122885,3
GRB121123421,0
GRB121123442,0
GRB121124606,0
GRB121125356,0
GRB121125469,0
GRB121127914,1
GRB121128212,0
GRB121202181,1
GRB121205507,0
GRB121210081,0
GRB121211574,2
GRB121211695,0
GRB121216419,0
GRB121217313,1
GRB121220311,1
GRB121221916,0
GRB121223300,0
GRB121225417,0
GRB121229533,0
GRB121231445,0
GRB130104721,0
GRB130106829,0
GRB130106995,0
GRB130109206,0
GRB130112286,0
GRB130112353,0
GRB130114019,0
GRB130115716,0
GRB130116415,0
GRB130117087,0
GRB130118482,1
GRB130121835,0
GRB130123843,0
GRB130127299,0
GRB130127743,1
GRB130131511,0
GRB130204484,0
GRB130206482,0
GRB130206817,0
GRB130208684,0
GRB130209961,1
GRB130213905,0
GRB130214137,0
GRB130214800,0
GRB130215063,0
GRB130215649,0
GRB130216790,1
GRB130216927,0
GRB130217688,0
GRB130218261,0
GRB130219197,0
GRB130219626,0
GRB130219775,0
GRB130220964,0
GRB130224370,0
GRB130228111,2
GRB130228212,2
GRB130304410,1
GRB130304658,1
GRB130305486,1
GRB130305526,0
GRB130306991,0
GRB130307126,1
GRB130307238,0
GRB130310840,1
GRB130314147,0
GRB130318456,2
GRB130320560,3
GRB130324042,1
GRB130325005,0
GRB130325203,1
GRB130327350,0
GRB130331566,0
GRB130403866,1
GRB130404428,0
GRB130404840,0
GRB130404877,0
GRB130406288,0
GRB130406334,0
GRB130406354,0
GRB130407800,0
GRB130408653,0
GRB130409960,0
GRB130416690,0
GRB130416770,0
GRB130418844,0
GRB130420313,0
GRB130420343,0
GRB130420422,0
GRB130420539,0
GRB130425327,1
GRB130427324,1
GRB130502327,0
GRB130502743,0
GRB130503214,0
GRB130504314,0
GRB130504978,0
GRB130505955,0
GRB130507545,0
GRB130509078,0
GRB130509839,1
GRB130510877,0
GRB130514560,0
GRB130515056,0
GRB130515430,0
GRB130515755,0
GRB130517781,1
GRB130518551,1
GRB130518580,0
GRB130522510,0
GRB130523095,0
GRB130523198,0
GRB130527627,0
GRB130528503,0
GRB130528695,0
GRB130530719,0
GRB130604033,0
GRB130606316,0
GRB130606497,1
GRB130609129,0
GRB130609902,0
GRB130610133,0
GRB130611538,0
GRB130612141,0
GRB130612456,0
GRB130614997,0
GRB130615398,0
GRB130617564,0
GRB130620498,0
GRB130622615,0
GRB130623130,0
GRB130623396,0
GRB130623488,1
GRB130623699,0
GRB130623790,0
GRB130624093,2
GRB130626452,1
GRB130626596,0
GRB130627372,0
GRB130628531,0
GRB130628860,0
GRB130630272,0
GRB130701060,0
GRB130701761,0
GRB130702004,0
GRB130702951,0
GRB130704560,0
GRB130705398,0
GRB130706900,0
GRB130707505,0
GRB130708488,0
GRB130715906,0
GRB130716352,0
GRB130716442,1
GRB130717734,0
GRB130720116,0
GRB130720582,0
GRB130722021,1
GRB130722990,0
GRB130723092,0
GRB130725527,0
GRB130727698,0
GRB130730243,0
GRB130802730,0
GRB130803419,0
GRB130804023,1
GRB130808253,0
GRB130811186,0
GRB130813791,0
GRB130815420,0
GRB130815660,0
GRB130816074,0
GRB130818941,0
GRB130819394,0
GRB130821674,0
GRB130828306,4
GRB130828808,0
GRB130829672,0
GRB130830864,0
GRB130830921,0
GRB130831058,0
GRB130903033,0
GRB130905377,0
GRB130906222,0
GRB130906435,0
GRB130907760,0
GRB130908677,1
GRB130909817,0
GRB130912358,1
GRB130919173,0
GRB130919352,0
GRB130919985,0
GRB130924255,0
GRB130924910,0
GRB130925164,1
GRB130925173,1
GRB130925546,0
GRB130928537,1
GRB130929375,1
GRB131002288,1
GRB131004904,2
GRB131006367,0
GRB131006840,0
GRB131008858,0
GRB131011741,1
GRB131014215,0
GRB131014513,0
GRB131018673,1
GRB131020113,0
GRB131021352,0
GRB131024900,1
GRB131028076,0
GRB131028096,0
GRB131029973,0
GRB131029990,0
GRB131030653,0
GRB131030791,0
GRB131031482,0
GRB131102622,0
GRB131105087,0
GRB131108024,0
GRB131108862,1
GRB131110373,0
GRB131113483,1
GRB131117766,0
GRB131118958,0
GRB131119781,0
GRB131122490,0
GRB131123543,0
GRB131125689,1
GRB131126163,0
GRB131127480,1
GRB131127592,0
GRB131127696,1
GRB131128629,0
GRB131202633,1
GRB131202906,1
GRB131204937,0
GRB131209547,2
GRB131209963,0
GRB131211510,0
GRB131212814,0
GRB131214705,0
GRB131215298,0
GRB131216081,1
GRB131217108,0
GRB131217183,0
GRB131217506,0
GRB131229277,0
GRB131230529,0
GRB131230808,0
GRB131231198,0
GRB140102887,0
GRB140104731,1
GRB140105065,0
GRB140105748,0
GRB140106345,1
GRB140108721,1
GRB140109771,0
GRB140109877,0
GRB140110263,0
GRB140110411,0
GRB140110814,0
GRB140112060,0
GRB140113183,0
GRB140113624,0
GRB140115863,0
GRB140115899,0
GRB140118064,0
GRB140122597,0
GRB140124527,0
GRB140126815,1
GRB140129499,0
GRB140204547,0
GRB140206275,1
GRB140206304,0
GRB140209313,0
GRB140211091,0
GRB140213807,0
GRB140216331,0
GRB140217043,1
GRB140218427,0
GRB140219319,0
GRB140219824,1
GRB140223495,0
GRB140224382,0
GRB140224788,0
GRB140227738,0
GRB140302342,0
GRB140304557,1
GRB140304849,0
GRB140306146,1
GRB140308710,0
GRB140311453,0
GRB140311618,0
GRB140311885,0
GRB140319964,0
GRB140320092,1
GRB140322424,1
GRB140323433,0
GRB140327065,0
GRB140328560,0
GRB140329272,0
GRB140329295,1
GRB140330180,0
GRB140402007,0
GRB140404030,0
GRB140404171,0
GRB140404900,0
GRB140405033,0
GRB140406120,0
GRB140406144,1
GRB140408553,0
GRB140414693,0
GRB140416060,0
GRB140422194,0
GRB140423356,0
GRB140426515,0
GRB140427702,0
GRB140428906,0
GRB140429975,0
GRB140430716,0
GRB140501139,0
GRB140501497,0
GRB140502354,0
GRB140506880,0
GRB140508128,0
GRB140508179,0
GRB140508629,0
GRB140511095,0
GRB140511995,0
GRB140512814,0
GRB140513724,0
GRB140516700,1
GRB140516765,0
GRB140517813,1
GRB140518709,0
GRB140519043,0
GRB140521184,0
GRB140521732,0
GRB140523129,1
GRB140526449,0
GRB140526571,0
GRB140528837,0
GRB140603476,0
GRB140605377,0
GRB140606133,0
GRB140608153,1
GRB140608713,0
GRB140610487,0
GRB140610548,0
GRB140610689,0
GRB140612294,0
GRB140616165,0
GRB140619475,0
GRB140619490,0
GRB140620219,0
GRB140621827,0
GRB140623224,1
GRB140624423,0
GRB140626843,0
GRB140627401,0
GRB140628626,0
GRB140628704,0
GRB140630505,0
GRB140701567,0
GRB140701833,0
GRB140703026,1
GRB140705539,0
GRB140706815,0
GRB140709051,0
GRB140709637,0
GRB140710537,0
GRB140710901,1
GRB140711691,0
GRB140712706,2
GRB140712973,0
GRB140713780,0
GRB140714268,0
GRB140715231,1
GRB140716306,1
GRB140716436,0
GRB140717827,0
GRB140720158,0
GRB140720280,0
GRB140721336,0
GRB140723067,0
GRB140723499,0
GRB140724533,0
GRB140725583,0
GRB140727748,0
GRB140729026,0
GRB140801792,0
GRB140807500,0
GRB140808038,0
GRB140809133,0
GRB140810782,0
GRB140817229,0
GRB140817293,0
GRB140818229,0
GRB140818781,1
GRB140819160,0
GRB140821997,0
GRB140824548,0
GRB140824606,0
GRB140825328,0
GRB140825980,0
GRB140827763,0
GRB140828288,0
GRB140829880,0
GRB140831215,0
GRB140831374,0
GRB140901262,0
GRB140901821,0
GRB140905454,0
GRB140906175,1
GRB140906429,2
GRB140907429,0
GRB140907672,0
GRB140911012,0
GRB140912664,0
GRB140916234,0
GRB140917512,0
GRB140918379,0
GRB140919636,0
GRB140928100,0
GRB140928437,0
GRB140929677,0
GRB140930134,0
GRB141003564,0
GRB141003788,0
GRB141004150,0
GRB141004973,0
GRB141005217,0
GRB141005535,1
GRB141011282,1
GRB141011467,0
GRB141012773,0
GRB141013803,1
GRB141016897,0
GRB141020439,0
GRB141022061,0
GRB141022087,0
GRB141026742,0
GRB141028455,0
GRB141029134,1
GRB141030746,1
GRB141031257,0
GRB141031304,0
GRB141031998,0
GRB141102112,0
GRB141102536,1
GRB141102779,0
GRB141105358,1
GRB141105406,1
GRB141109447,0
GRB141110232,1
GRB141111435,0
GRB141112539,1
GRB141112828,1
GRB141113346,0
GRB141114687,0
GRB141118678,0
GRB141121414,1
GRB141122087,0
GRB141122875,0
GRB141122956,0
GRB141124277,0
GRB141126233,0
GRB141128962,0
GRB141202470,1
GRB141205018,0
GRB141205337,0
GRB141205763,0
GRB141206254,0
GRB141207800,1
GRB141208038,0
GRB141208632,0
GRB141209131,0
GRB141213300,0
GRB141215560,1
GRB141220252,0
GRB141221338,0
GRB141221897,0
GRB141222298,1
GRB141222691,0
GRB141223240,0
GRB141225959,0
GRB141226880,0
GRB141229492,0
GRB141229911,1
GRB141230142,0
GRB141230834,0
GRB141230871,0
GRB150101270,1
GRB150101641,0
GRB150105257,1
GRB150106921,0
GRB150110433,0
GRB150110923,0
GRB150118409,0
GRB150118927,0
GRB150120123,1
GRB150120685,0
GRB150122960,0
GRB150126868,0
GRB150127398,0
GRB150127589,0
GRB150127935,0
GRB150128624,0
GRB150128791,0
GRB150131335,1
GRB150131951,0
GRB150201040,0
GRB150201574,0
GRB150201590,0
GRB150202999,0
GRB150203173,1
GRB150203545,0
GRB150204272,0
GRB150206285,0
GRB150206407,0
GRB150208573,0
GRB150208929,0
GRB150210935,0
GRB150211239,0
GRB150213001,0
GRB150214293,0
GRB150215026,0
GRB150216415,0
GRB150219522,0
GRB150220598,0
GRB150222450,0
GRB150222832,0
GRB150226223,0
GRB150226545,0
GRB150226948,0
GRB150227702,0
GRB150228845,0
GRB150228981,0
GRB150301045,0
GRB150301818,0
GRB150303516,0
GRB150305724,0
GRB150306993,0
GRB150309958,1
GRB150312403,0
GRB150313657,0
GRB150314205,0
GRB150316400,0
GRB150318521,0
GRB150319271,1
GRB150320462,1
GRB150322066,0
GRB150323395,1
GRB150323712,0
GRB150324164,0
GRB150324319,0
GRB150325696,0
GRB150326521,0
GRB150326542,0
GRB150329288,0
GRB150330828,0
GRB150403913,0
GRB150404733,1
GRB150411026,0
GRB150412507,0
GRB150412931,0
GRB150415029,0
GRB150416773,0
GRB150418819,0
GRB150422294,0
GRB150422703,0
GRB150423285,0
GRB150424403,0
GRB150425617,0
GRB150426594,0
GRB150428305,0
GRB150430015,1
GRB150501017,0
GRB150502435,0
GRB150506398,0
GRB150506630,0
GRB150506972,0
GRB150507026,2
GRB150508945,0
GRB150510139,0
GRB150511362,0
GRB150512432,0
GRB150513856,1
GRB150514774,0
GRB150520893,0
GRB150522433,0
GRB150522944,0
GRB150523396,1
GRB150523690,0
GRB150527283,1
GRB150527662,0
GRB150528656,0
GRB150530488,0
GRB150601904,0
GRB150602840,0
GRB150603105,1
GRB150603823,1
GRB150604284,0
GRB150604434,0
GRB150605782,0
GRB150607330,1
GRB150609316,0
GRB150612702,0
GRB150613420,0
GRB150613995,0
GRB150614073,0
GRB150618674,0
GRB150619287,0
GRB150622393,0
GRB150627183,0
GRB150628767,0
GRB150629564,0
GRB150630223,0
GRB150630958,0
GRB150702998,1
GRB150703149,0
GRB150703259,0
GRB150705009,0
GRB150705588,1
GRB150707124,0
GRB150708339,0
GRB150710646,0
GRB150711766,0
GRB150712846,0
GRB150715136,0
GRB150716552,0
GRB150717795,0
GRB150718656,1
GRB150721242,0
GRB150721431,0
GRB150721732,0
GRB150723608,0
GRB150724398,0
GRB150724782,0
GRB150726877,0
GRB150727793,0
GRB150728151,0
GRB150729517,0
GRB150802127,0
GRB150802207,0
GRB150804806,1
GRB150805445,0
GRB150805746,0
GRB150806348,0
GRB150809516,0
GRB150810485,0
GRB150811849,0
GRB150815604,0
GRB150817087,0
GRB150817251,0
GRB150819440,0
GRB150820880,0
GRB150821406,0
GRB150822178,0
GRB150824079,1
GRB150824125,1
GRB150826557,0
GRB150827785,0
GRB150828333,0
GRB150828901,0
GRB150830128,0
GRB150831930,0
GRB150901924,1
GRB150902733,1
GRB150904479,0
GRB150906944,0
GRB150908408,0
GRB150911315,0
GRB150911588,0
GRB150912443,1
GRB150912600,0
GRB150913161,0
GRB150917148,1
GRB150919606,0
GRB150922234,1
GRB150922718,0
GRB150922883,0
GRB150923297,0
GRB150923429,0
GRB150923864,0
GRB150923995,1
GRB150928359,1
GRB151001348,0
GRB151001628,0
GRB151003729,0
GRB151006413,0
GRB151009949,0
GRB151011136,1
GRB151014592,0
GRB151021791,0
GRB151022577,2
GRB151023104,0
GRB151024179,0
GRB151026169,0
GRB151026523,2
GRB151027166,2
GRB151030999,1
GRB151107851,0
GRB151111356,1
GRB151114645,0
GRB151117442,0
GRB151118554,1
GRB151120349,3
GRB151122709,2
GRB151126293,1
GRB151129333,0
GRB151130160,0
GRB151202565,1
GRB151205657,0
GRB151210041,0
GRB151211672,0
GRB151212030,0
GRB151212064,0
GRB151218857,0
GRB151219567,0
GRB151222340,0
GRB151227072,0
GRB151227218,1
GRB151228129,0
GRB151228949,0
GRB151229285,0
GRB151229486,0
GRB151231443,0
GRB151231568,0
GRB160101030,0
GRB160101215,1
GRB160102500,0
GRB160102936,0
GRB160104475,1
GRB160104918,0
GRB160106948,0
GRB160107931,0
GRB160111115,0
GRB160113398,0
GRB160118060,0
GRB160119072,0
GRB160123095,0
GRB160125368,0
GRB160131116,0
GRB160131174,0
GRB160201883,0
GRB160206430,0
GRB160211119,1
GRB160215773,1
GRB160216801,0
GRB160218711,0
GRB160219289,1
GRB160219673,1
GRB160220059,0
GRB160220868,1
GRB160221993,1
GRB160222070,0
GRB160223072,0
GRB160223416,1
GRB160223670,1
GRB160224911,0
GRB160225720,1
GRB160225809,1
GRB160226913,0
GRB160227831,0
GRB160228034,0
GRB160301215,0
GRB160303201,1
GRB160303971,0
GRB160308709,0
GRB160310016,2
GRB160310291,1
GRB160314473,0
GRB160314929,2
GRB160315739,0
GRB160316139,0
GRB160316573,0
GRB160317385,0
GRB160318342,1
GRB160323293,2
GRB160325291,0
GRB160326062,0
GRB160330827,0
GRB160401065,0
GRB160406023,0
GRB160406503,0
GRB160406570,1
GRB160407673,0
GRB160408268,2
GRB160411062,1
GRB160416022,1
GRB160419637,0
GRB160421137,1
GRB160422499,0
GRB160423066,0
GRB160424492,0
GRB160428412,0
GRB160503567,1
GRB160508290,1
GRB160509374,1
GRB160512199,1
GRB160512536,1
GRB160513553,0
GRB160513962,1
GRB160515819,0
GRB160516237,0
GRB160518039,0
GRB160518985,0
GRB160519012,0
GRB160519060,0
GRB160519677,0
GRB160521385,0
GRB160521839,0
GRB160522445,1
GRB160523919,1
GRB160527080,0
GRB160528276,0
GRB160530667,0
GRB160603719,0
GRB160605847,0
GRB160609690,0
GRB160609941,0
GRB160612842,1
GRB160621497,0
GRB160623209,0
GRB160624477,1
GRB160625230,0
GRB160625240,1
GRB160625945,1
GRB160628136,1
GRB160628579,0
GRB160629930,1
GRB160709370,0
GRB160709826,1
GRB160710233,2
GRB160711968,0
GRB160714097,1
GRB160716144,0
GRB160717813,0
GRB160718975,0
GRB160720275,0
GRB160720767,1
GRB160721806,0
GRB160724444,0
GRB160726065,2
GRB160727971,0
GRB160728337,0
GRB160731024,0
GRB160802259,0
GRB160804065,0
GRB160804180,0
GRB160804775,0
GRB160804968,3
GRB160806584,1
GRB160813297,0
GRB160814622,0
GRB160815299,3
GRB160815490,1
GRB160816414,1
GRB160816730,1
GRB160818198,1
GRB160818230,1
GRB160819852,2
GRB160820496,2
GRB160821857,1
GRB160821937,1
GRB160822672,2
GRB160824598,0
GRB160825799,1
GRB160826938,0
GRB160827586,0
GRB160827616,0
GRB160827837,0
GRB160829334,0
GRB160831411,0
GRB160905471,0
GRB160908136,0
GRB160909061,0
GRB160910722,0
GRB160912350,0
GRB160912521,1
GRB160912674,0
GRB160917456,0
GRB160917479,3
GRB160917921,0
GRB160919613,0
GRB160919858,0
GRB160920249,0
GRB160921087,1
GRB160922856,0
GRB160924253,0
GRB160925221,0
GRB160928825,0
GRB160929529,2
GRB161001045,0
GRB161004964,1
GRB161005977,0
GRB161007009,0
GRB161009651,0
GRB161012214,0
GRB161012416,0
GRB161012637,0
GRB161013948,0
GRB161014522,0
GRB161015400,0
GRB161015710,1
GRB161017745,1
GRB161020024,0
GRB161020759,0
GRB161020767,0
GRB161022114,2
GRB161026373,0
GRB161105417,0
GRB161106499,0
GRB161106786,0
GRB161109263,0
GRB161110179,0
GRB161111197,0
GRB161112496,0
GRB161115745,0
GRB161117066,0
GRB161119633,1
GRB161121186,0
GRB161125931,1
GRB161128216,0
GRB161129300,0
GRB161201342,0
GRB161205561,0
GRB161206064,0
GRB161207224,0
GRB161207813,0
GRB161210524,0
GRB161212652,0
GRB161213295,0
GRB161214722,1
GRB161217128,0
GRB161218222,0
GRB161218356,0
GRB161220605,0
GRB161227498,0
GRB161228032,0
GRB161228388,0
GRB161228405,3
GRB161228553,0
GRB161229878,0
GRB161230298,0
GRB161230511,0
GRB170101116,0
GRB170101374,0
GRB170106968,0
GRB170109137,0
GRB170110967,0
GRB170111760,0
GRB170111815,0
GRB170112970,0
GRB170113420,0
GRB170114833,0
GRB170114917,1
GRB170115662,0
GRB170115743,0
GRB170116238,0
GRB170119228,0
GRB170120471,0
GRB170121067,0
GRB170121133,0
GRB170121614,0
GRB170124238,0
GRB170124528,0
GRB170124874,0
GRB170125022,0
GRB170125102,0
GRB170126480,0
GRB170127067,1
GRB170127634,0
GRB170130302,0
GRB170130510,1
GRB170130697,1
GRB170131969,0
GRB170203486,0
GRB170205521,0
GRB170206453,0
GRB170207906,1
GRB170208553,0
GRB170208758,0
GRB170208940,0
GRB170209048,1
GRB170210116,2
GRB170212034,0
GRB170214649,1
GRB170219002,1
GRB170219110,0
GRB170222209,1
GRB170228773,0
GRB170228794,0
GRB170301812,0
GRB170302166,0
GRB170302719,0
GRB170302876,0
GRB170304003,0
GRB170305256,0
GRB170306130,1
GRB170306588,1
GRB170307851,1
GRB170308221,0
GRB170310417,0
GRB170310883,0
GRB170313125,0
GRB170315582,0
GRB170316710,0
GRB170317666,0
GRB170318644,0
GRB170323058,1
GRB170323775,0
GRB170325331,2
GRB170326489,0
GRB170329387,0
GRB170402285,0
GRB170402961,0
GRB170403583,1
GRB170403707,0
GRB170405777,0
GRB170409112,1
GRB170412917,0
GRB170412988,0
GRB170414551,0
GRB170416583,0
GRB170419898,0
GRB170419983,1
GRB170422343,0
GRB170423719,0
GRB170423872,0
GRB170424425,0
GRB170428136,1
GRB170429799,0
GRB170430204,0
GRB170501467,0
GRB170504734,0
GRB170506169,0
GRB170510217,0
GRB170511249,0
GRB170511477,0
GRB170511648,0
GRB170514152,0
GRB170514180,0
GRB170516808,0
GRB170520202,0
GRB170521882,0
GRB170522657,1
GRB170527480,1
GRB170530581,0
GRB170604603,0
GRB170606968,0
GRB170607946,2
GRB170607971,2
GRB170610689,0
GRB170611937,0
GRB170614255,0
GRB170614486,0
GRB170614505,0
GRB170616047,0
GRB170616165,0
GRB170618475,0
GRB170621784,0
GRB170625692,1
GRB170626401,0
GRB170627931,0
GRB170629537,1
GRB170705115,0
GRB170705200,0
GRB170705244,0
GRB170708046,1
GRB170709334,0
GRB170710340,1
GRB170711019,0
GRB170711713,0
GRB170711931,0
GRB170714049,0
GRB170715878,0
GRB170717952,0
GRB170718152,0
GRB170722525,0
GRB170723076,0
GRB170723677,0
GRB170723882,0
GRB170724543,0
GRB170726249,0
GRB170726794,0
GRB170727841,0
GRB170728961,0
GRB170730133,0
GRB170731751,0
GRB170801690,0
GRB170802638,0
GRB170803172,0
GRB170803415,0
GRB170803729,0
GRB170804911,0
GRB170805901,0
GRB170808065,0
GRB170808936,1
GRB170810918,0
GRB170813051,0
GRB170816258,0
GRB170816599,1
GRB170817529,1
GRB170817908,0
GRB170818137,0
GRB170821265,0
GRB170825307,0
GRB170825500,0
GRB170825784,0
GRB170826369,1
GRB170826819,0
GRB170827818,0
GRB170829414,0
GRB170829674,0
GRB170830069,0
GRB170830135,2
GRB170830328,0
GRB170831179,0
GRB170901007,0
GRB170901255,0
GRB170901345,0
GRB170903534,0
GRB170906030,0
GRB170906039,0
GRB170906485,0
GRB170910368,0
GRB170911267,1
GRB170912273,1
GRB170912985,0
GRB170915161,0
GRB170915520,0
GRB170916700,0
GRB170918139,0
GRB170921168,1
GRB170923101,0
GRB170923188,0
GRB170923566,0
GRB170926528,0
GRB170926782,0
GRB170928607,1
GRB170929513,1
GRB170929699,0
GRB171002969,0
GRB171004672,0
GRB171004857,0
GRB171007498,0
GRB171008080,1
GRB171009138,0
GRB171010792,2
GRB171010875,0
GRB171011162,1
GRB171011810,0
GRB171013350,0
GRB171017823,0
GRB171020813,0
GRB171022085,0
GRB171022885,2
GRB171023097,0
GRB171024977,0
GRB171025213,0
GRB171025416,0
GRB171025913,1
GRB171029020,0
GRB171030729,0
GRB171102107,1
GRB171103655,0
GRB171106498,0
GRB171108656,0
GRB171112868,2
GRB171117515,1
GRB171119992,0
GRB171120556,0
GRB171124235,0
GRB171126216,0
GRB171126235,0
GRB171201068,0
GRB171202113,0
GRB171206122,1
GRB171207055,0
GRB171207809,1
GRB171208733,0
GRB171209671,0
GRB171210493,0
GRB171211844,0
GRB171212222,0
GRB171212434,0
GRB171212948,0
GRB171213061,0
GRB171215705,0
GRB171219279,0
GRB171222684,0
GRB171223818,0
GRB171227000,0
GRB171230048,0
GRB171230119,0
GRB171230955,0
GRB180102660,1
GRB180103090,0
GRB180110608,0
GRB180111815,0
GRB180112842,0
GRB180113011,1
GRB180113116,1
GRB180113418,0
GRB180116026,0
GRB180116678,0
GRB180119837,0
GRB180120207,0
GRB180122129,0
GRB180123820,0
GRB180124392,1
GRB180125891,0
GRB180126095,0
GRB180127049,0
GRB180127879,0
GRB180128215,0
GRB180128252,0
GRB180128881,0
GRB180130049,0
GRB180130744,0
GRB180131528,0
GRB180201706,0
GRB180201780,0
GRB180204109,0
GRB180205184,0
GRB180205323,1
GRB180206203,0
GRB180208764,0
GRB180210517,3
GRB180210991,0
GRB180211754,0
GRB180218635,0
GRB180219482,0
GRB180222239,0
GRB180225417,0
GRB180227211,0
GRB180305393,1
GRB180306479,2
GRB180306973,0
GRB180307073,0
GRB180309322,0
GRB180311074,1
GRB180313978,0
GRB180314030,0
GRB180330891,0
GRB180401280,0
GRB180401846,0
GRB180402406,0
GRB180402481,0
GRB180403565,0
GRB180404091,0
GRB180404848,1
GRB180405169,0
GRB180409346,0
GRB180410336,0
GRB180411519,0
GRB180411546,0
GRB180412425,0
GRB180413118,0
GRB180416340,0
GRB180416924,0
GRB180417689,0
GRB180418281,0
GRB180420031,0
GRB180420107,0
GRB180423033,0
GRB180423266,0
GRB180426005,0
GRB180426549,0
GRB180427442,0
GRB180428102,0
GRB180504136,0
GRB180505540,0
GRB180506077,0
GRB180506902,0
GRB180511364,0
GRB180511437,0
GRB180511606,0
GRB180513815,0
GRB180515814,0
GRB180516229,0
GRB180517309,0
GRB180521935,0
GRB180522607,0
GRB180522678,0
GRB180523782,0
GRB180524416,0
GRB180524920,0
GRB180525151,0
GRB180528371,0
GRB180528465,0
GRB180602938,0
GRB180605458,1
GRB180606730,0
GRB180610377,0
GRB180610568,0
GRB180610791,0
GRB180611145,0
GRB180612785,0
GRB180614327,0
GRB180615462,0
GRB180617872,0
GRB180618030,0
GRB180618724,1
GRB180620354,1
GRB180620660,0
GRB180622273,0
GRB180622578,0
GRB180623849,0
GRB180625941,0
GRB180626392,0
GRB180630335,0
GRB180630467,0
GRB180701469,0
GRB180703876,1
GRB180703949,1
GRB180706351,1
GRB180709099,0
GRB180710062,0
GRB180712358,0
GRB180712651,0
GRB180715087,1
GRB180715741,0
GRB180715755,0
GRB180718082,0
GRB180718201,0
GRB180718763,0
GRB180720213,0
GRB180720598,0
GRB180720933,0
GRB180721642,0
GRB180722120,0
GRB180722418,0
GRB180722993,0
GRB180723133,0
GRB180723757,0
GRB180724807,0
GRB180724984,0
GRB180727594,1
GRB180728575,0
GRB180728728,0
GRB180728882,1
GRB180730018,0
GRB180731891,0
GRB180801276,0
GRB180801492,0
GRB180803590,0
GRB180804554,0
GRB180804765,0
GRB180804909,0
GRB180804931,0
GRB180805543,0
GRB180806665,0
GRB180806944,0
GRB180807097,0
GRB180809485,1
GRB180810278,0
GRB180812349,0
GRB180814505,0
GRB180816088,0
GRB180816930,1
GRB180818179,0
GRB180818520,0
GRB180821653,0
GRB180822423,0
GRB180822562,0
GRB180823442,0
GRB180826055,0
GRB180828790,0
GRB180905400,0
GRB180906597,0
GRB180906759,0
GRB180906988,0
GRB180910032,0
GRB180910156,0
GRB180910352,0
GRB180912274,0
GRB180913783,0
GRB180914522,0
GRB180917477,0
GRB180922461,0
GRB180922734,0
GRB180923931,0
GRB180925407,0
GRB180927993,0
GRB180929453,0
GRB181002617,0
GRB181007385,0
GRB181007737,0
GRB181008269,0
GRB181008877,0
GRB181010247,3
GRB181014479,0
GRB181016718,0
GRB181020424,0
GRB181020792,0
GRB181022846,0
GRB181026540,1
GRB181027076,0
GRB181028590,0
GRB181029892,0
GRB181103046,0
GRB181111654,0
GRB181116484,0
GRB181117663,0
GRB181119606,0
GRB181119649,0
GRB181120265,0
GRB181121307,0
GRB181121401,0
GRB181122381,0
GRB181125092,0
GRB181125371,0
GRB181126162,0
GRB181126413,0
GRB181126729,0
GRB181127274,0
GRB181128129,1
GRB181128751,0
GRB181203880,0
GRB181206970,0
GRB181208188,0
GRB181212693,0
GRB181215110,0
GRB181216551,0
GRB181217665,0
GRB181221565,0
GRB181222279,0
GRB181222841,0
GRB181224987,0
GRB181225489,0
GRB181225786,0
GRB181226600,0
GRB181227262,0
GRB181227571,0
GRB181228120,0
GRB181231144,0
GRB181231359,0
GRB181231954,0
GRB190102258,1
GRB190106866,0
GRB190107050,0
GRB190109217,0
GRB190109497,0
GRB190110726,0
GRB190114873,1
GRB190117369,0
GRB190118937,0
GRB190119249,0
GRB190122305,0
GRB190123513,1
GRB190129515,0
GRB190129539,0
GRB190131109,0
GRB190131964,0
GRB190202069,0
GRB190202234,0
GRB190202634,0
GRB190204627,0
GRB190205938,0
GRB190212482,0
GRB190215772,0
GRB190217188,0
GRB190218330,0
GRB190220844,1
GRB190222312,0
GRB190222537,0
GRB190226515,0
GRB190228973,0
GRB190303240,0
GRB190304371,0
GRB190304818,0
GRB190306943,0
GRB190307151,0
GRB190308923,0
GRB190310398,0
GRB190311600,0
GRB190312446,0
GRB190315512,0
GRB190319353,0
GRB190319375,0
GRB190320052,0
GRB190321363,0
GRB190323179,0
GRB190323303,0
GRB190323548,0
GRB190323879,0
GRB190324348,0
GRB190324947,0
GRB190325999,0
GRB190326314,0
GRB190326975,0
GRB190327111,0
GRB190330694,0
GRB190331093,0
GRB190401139,0
GRB190404293,0
GRB190406450,0
GRB190406465,0
GRB190406745,0
GRB190407575,0
GRB190407672,0
GRB190407788,0
GRB190409901,1
GRB190411407,0
GRB190411579,0
GRB190415173,0
GRB190419414,0
GRB190420981,0
GRB190422284,0
GRB190422670,0
GRB190422957,1
GRB190425089,0
GRB190427190,0
GRB190428783,0
GRB190429743,0
GRB190501794,3
GRB190502168,0
GRB190504415,1
GRB190504678,0
GRB190505051,0
GRB190507270,0
GRB190507712,0
GRB190507970,0
GRB190508808,0
GRB190508987,0
GRB190510120,0
GRB190510430,0
GRB190511302,1
GRB190512611,0
GRB190515190,0
GRB190517813,0
GRB190519309,1
GRB190525032,0
GRB190530430,1
GRB190531312,0
GRB190531568,0
GRB190531840,1
GRB190601325,0
GRB190603795,1
GRB190604446,0
GRB190605974,0
GRB190606080,1
GRB190607071,0
GRB190608009,0
GRB190609315,0
GRB190610750,0
GRB190610834,0
GRB190611950,0
GRB190612165,0
GRB190613172,1
GRB190613449,0
GRB190615636,0
GRB190619018,0
GRB190619595,0
GRB190620507,0
GRB190622368,0
GRB190623461,0
GRB190626254,0
GRB190627481,1
GRB190628521,0
GRB190630257,0
GRB190707285,0
GRB190707308,0
GRB190708365,0
GRB190712018,0
GRB190712095,0
GRB190714573,0
GRB190716019,0
GRB190716917,0
GRB190719113,0
GRB190719499,0
GRB190719624,1
GRB190720613,0
GRB190720964,0
GRB190723309,0
GRB190724031,0
GRB190726642,0
GRB190726843,0
GRB190727668,0
GRB190727846,0
GRB190728271,0
GRB190731943,0
GRB190804058,0
GRB190804792,0
GRB190805106,0
GRB190805199,0
GRB190806535,0
GRB190806675,0
GRB190808498,0
GRB190808752,0
GRB190810675,0
GRB190813520,0
GRB190814837,0
GRB190817953,0
GRB190821716,0
GRB190822705,0
GRB190824616,0
GRB190825171,0
GRB190827467,0
GRB190828542,1
GRB190828614,0
GRB190829830,1
GRB190830023,0
GRB190830264,0
GRB190831332,0
GRB190831693,0
GRB190901890,1
GRB190903722,0
GRB190904174,0
GRB190905985,0
GRB190906767,0
GRB190910028,0
GRB190913155,0
GRB190914345,0
GRB190915240,0
GRB190916590,0
GRB190919764,0
GRB190921699,0
GRB190923617,1
GRB190930400,1
GRB191001279,0
GRB191008297,2
GRB191009298,0
GRB191011192,1
GRB191015327,0
GRB191017391,0
GRB191017957,0
GRB191019469,0
GRB191019970,0
GRB191022285,0
GRB191022341,0
GRB191023630,0
GRB191026350,0
GRB191027638,0
GRB191028174,0
GRB191028589,0
GRB191031025,0
GRB191031635,0
GRB191031780,0
GRB191031891,0
GRB191101895,0
GRB191108003,1
GRB191110587,0
GRB191111347,1
GRB191111364,0
GRB191111547,0
GRB191112369,0
GRB191113578,0
GRB191117006,1
GRB191117637,1
GRB191118925,0
GRB191119261,0
GRB191125206,0
GRB191125634,1
GRB191129141,0
GRB191130253,0
GRB191130507,0
GRB191202867,0
GRB191203290,1
GRB191205741,0
GRB191213254,0
GRB191213784,0
GRB191220589,0
GRB191221802,0
GRB191225309,0
GRB191225735,0
GRB191227069,0
GRB191227723,0
GRB200101861,0
GRB200103678,0
GRB200103689,0
GRB200105914,1
GRB200107810,1
GRB200109074,0
GRB200110518,0
GRB200111633,0
GRB200112395,0
GRB200112525,0
GRB200114153,0
GRB200117517,0
GRB200119692,0
GRB200120962,0
GRB200122221,0
GRB200125864,0
GRB200126466,0
GRB200127758,0
GRB200128153,0
GRB200129409,0
GRB200130248,0
GRB200130417,0
GRB200201040,0
GRB200205845,0
GRB200206706,0
GRB200207058,0
GRB200208052,0
GRB200211310,0
GRB200211813,0
GRB200212451,0
GRB200215611,0
GRB200216380,1
GRB200216564,0
GRB200219317,0
GRB200219413,0
GRB200219998,1
GRB200221162,0
GRB200223814,1
GRB200224212,0
GRB200224416,1
GRB200227306,0
GRB200228291,0
GRB200228469,0
GRB200301320,0
GRB200303107,0
GRB200306934,0
GRB200307894,1
GRB200308941,0
GRB200311636,0
GRB200313071,0
GRB200313456,2
GRB200317028,0
GRB200318941,0
GRB200319323,0
GRB200320414,0
GRB200323006,0
GRB200323782,0
GRB200325138,2
GRB200325620,0
GRB200326517,0
GRB200327873,1
GRB200401292,0
GRB200402403,0
GRB200402688,0
GRB200402824,0
GRB200403896,0
GRB200403919,0
GRB200403974,0
GRB200404706,0
GRB200405394,0
GRB200407265,0
GRB200407388,0
GRB200411187,0
GRB200412290,0
GRB200412381,0
GRB200415367,0
GRB200416295,0
GRB200418865,0
GRB200420106,0
GRB200421865,0
GRB200423579,1
GRB200425701,0
GRB200501435,0
GRB200502574,0
GRB200503721,1
GRB200505994,0
GRB200506020,0
GRB200506208,0
GRB200506404,0
GRB200507662,0
GRB200509818,0
GRB200509958,0
GRB200510445,0
GRB200514380,0
GRB200517786,0
GRB200522650,0
GRB200524211,0
GRB200525611,0
GRB200528436,0
GRB200529039,0
GRB200529504,0
GRB200530031,1
GRB200531119,0
GRB200601097,0
GRB200604778,0
GRB200605762,0
GRB200607362,0
GRB200607921,0
GRB200609380,0
GRB200612201,4
GRB200613229,0
GRB200614608,0
GRB200615250,0
GRB200616048,0
GRB200616654,0
GRB200617679,0
GRB200619108,0
GRB200619252,0
GRB200619492,0
GRB200622092,0
GRB200623138,1
GRB200623752,0
GRB200625532,0
GRB200626105,0
GRB200630980,0
GRB200702892,0
GRB200703341,1
GRB200703970,0
GRB200705674,0
GRB200706231,0
GRB200706633,0
GRB200707072,0
GRB200709147,0
GRB200710036,0
GRB200711461,0
GRB200713919,0
GRB200714247,0
GRB200714344,0
GRB200714437,0
GRB200714661,0
GRB200714774,0
GRB200716060,0
GRB200716316,0
GRB200716957,0
GRB200722094,0
GRB200723691,0
GRB200724213,1
GRB200801352,1
GRB200801650,0
GRB200802491,0
GRB200803149,1
GRB200803703,0
GRB200808469,0
GRB200809211,0
GRB200809255,1
GRB200809654,0
GRB200811632,0
GRB200816486,0
GRB200817393,0
GRB200818998,0
GRB200824594,1
GRB200826187,0
GRB200826923,0
GRB200829582,0
GRB200830413,0
GRB200901158,0
GRB200903031,0
GRB200903113,0
GRB200903902,1
GRB200904085,0
GRB200906550,0
GRB200907957,0
GRB200908886,0
GRB200909168,0
GRB200915144,0
GRB200915846,1
GRB200916812,0
GRB200919569,0
GRB200919964,0
GRB200920651,0
GRB200920831,0
GRB200922718,0
GRB200922753,0
GRB200923748,1
GRB200924235,0
GRB200924284,0
GRB200924386,0
GRB200925610,0
GRB200928290,0
GRB200928552,0
GRB200929204,0
GRB201001416,1
GRB201004094,0
GRB201004365,0
GRB201006054,1
GRB201007123,0
GRB201008443,1
GRB201008754,0
GRB201011629,0
GRB201011837,0
GRB201012233,0
GRB201016019,0
GRB201016136,1
GRB201017407,0
GRB201019069,0
GRB201019484,0
GRB201020241,0
GRB201020732,0
GRB201021111,0
GRB201021852,0
GRB201026943,0
GRB201029847,1
GRB201031744,0
GRB201103259,0
GRB201104001,1
GRB201104622,0
GRB201104808,0
GRB201105215,0
GRB201105230,0
GRB201105482,0
GRB201108645,0
GRB201109105,0
GRB201111323,0
GRB201116035,0
GRB201120402,0
GRB201120442,0
GRB201121062,0
GRB201121130,0
GRB201127147,0
GRB201128746,1
GRB201130230,0
GRB201201120,0
GRB201207977,0
GRB201208252,0
GRB201213746,0
GRB201214672,1
GRB201215266,1
GRB201216792,1
GRB201216963,0
GRB201217108,0
GRB201218177,0
GRB201218798,0
GRB201221591,0
GRB201221963,0
GRB201221978,0
GRB201222461,0
GRB201223173,0
GRB201223749,0
GRB201226553,0
GRB201227635,1
GRB201228102,0
GRB201228640,1
GRB201229639,0
GRB201231447,0
GRB201231550,0
GRB201231622,0
GRB210101620,0
GRB210101861,0
GRB210102861,0
GRB210104477,0
GRB210105669,0
GRB210108424,0
GRB210113379,0
GRB210117458,1
GRB210119121,0
GRB210120299,0
GRB210123305,0
GRB210125369,1
GRB210126417,0
GRB210127268,2
GRB210201567,0
GRB210202841,0
GRB210204270,0
GRB210204777,0
GRB210207603,0
GRB210210713,0
GRB210211363,0
GRB210213741,0
GRB210225218,1
GRB210226197,1
GRB210227115,0
GRB210228058,0
GRB210228277,0
GRB210303425,0
GRB210305794,0
GRB210306162,0
GRB210306397,0
GRB210308276,0
GRB210308838,0
GRB210309999,0
GRB210312169,0
GRB210315716,0
GRB210317381,0
GRB210318131,0
GRB210323502,0
GRB210323918,0
GRB210324468,0
GRB210324809,0
GRB210324833,0
GRB210326057,0
GRB210328865,0
GRB210401970,0
GRB210402920,1
GRB210404141,0
GRB210405351,0
GRB210406716,1
GRB210406949,0
GRB210410037,0
GRB210411146,0
GRB210411564,0
GRB210411688,0
GRB210413991,0
GRB210415284,0
GRB210419882,0
GRB210420215,0
GRB210421455,0
GRB210422573,0
GRB210424694,1
GRB210424778,0
GRB210427206,0
GRB210429658,0
GRB210430904,0
GRB210501205,0
GRB210501940,0
GRB210502295,0
GRB210503815,0
GRB210504959,0
GRB210507778,0
GRB210510806,0
GRB210511458,0
GRB210511477,0
GRB210512789,0
GRB210515546,0
GRB210515623,0
GRB210516982,0
GRB210518033,0
GRB210518545,0
GRB210518889,0
GRB210524208,0
GRB210524473,1
GRB210528586,0
GRB210529677,0
GRB210529996,1
GRB210531500,0
GRB210601724,1
GRB210602865,0
GRB210603907,0
GRB210605215,0
GRB210605622,0
GRB210606164,1
GRB210606945,0
GRB210610628,0
GRB210610827,0
GRB210615892,0
GRB210615982,0
GRB210618072,1
GRB210619532,0
GRB210619999,0
GRB210620204,0
GRB210621447,0
GRB210622064,1
GRB210622440,0
GRB210624041,0
GRB210625891,0
GRB210626345,1
GRB210626991,0
GRB210627312,0
GRB210627748,0
GRB210701834,0
GRB210704684,1
GRB210704815,0
GRB210706346,0
GRB210706571,0
GRB210709201,1
GRB210711432,0
GRB210712405,1
GRB210714331,0
GRB210715866,0
GRB210716485,0
GRB210719164,0
GRB210721978,0
GRB210722871,0
GRB210723615,0
GRB210724105,0
GRB210725048,0
GRB210725158,0
GRB210726106,0
GRB210727410,0
GRB210730207,1
GRB210731092,0
GRB210731367,0
GRB210731931,0
GRB210801581,0
GRB210801649,2
GRB210802839,0
GRB210803497,0
GRB210805002,0
GRB210807525,0
GRB210807687,0
GRB210807955,0
GRB210812011,0
GRB210812699,0
GRB210813038,0
GRB210815100,0
GRB210820004,0
GRB210821291,0
GRB210821320,0
GRB210822273,0
GRB210822729,0
GRB210824174,0
GRB210826293,0
GRB210827416,1
GRB210827424,0
GRB210903021,0
GRB210903077,0
GRB210903727,0
GRB210904866,0
GRB210909447,0
GRB210912522,0
GRB210915530,0
GRB210915630,0
GRB210917157,0
GRB210919653,0
GRB210923124,0
GRB210924960,1
GRB210925800,0
GRB210926044,0
GRB210926869,0
GRB210927031,1
GRB210927996,0
GRB210928084,0
GRB210929154,0
GRB210929821,1
GRB211002338,0
GRB211002740,0
