name,fluence
GRB080714086,1.03072e-06
GRB080714425,1.705738e-06
GRB080714745,4.818276e-06
GRB080715950,5.322908e-06
GRB080717543,4.471872e-06
GRB080719529,1.405394e-06
GRB080723557,8.350178e-05
GRB080723913,2.337916e-07
GRB080723985,3.569215e-05
GRB080724401,1.168313e-05
GRB080725435,9.369262e-06
GRB080725541,8.139694e-07
GRB080727964,1.080848e-05
GRB080730520,5.760165e-06
GRB080730786,5.713577e-06
GRB080802386,7.737857e-07
GRB080803772,4.785341e-06
GRB080804456,2.430172e-06
GRB080804972,1.111208e-05
GRB080805496,1.339675e-06
GRB080805584,3.629113e-06
GRB080806584,5.786153e-07
GRB080806896,1.157737e-05
GRB080807993,6.96693e-06
GRB080808451,5.579803e-07
GRB080808565,4.519509e-06
GRB080808772,6.824177e-07
GRB080809808,2.665594e-06
GRB080810549,1.444257e-05
GRB080812889,2.593633e-06
GRB080815917,3.706627e-07
GRB080816503,1.30927e-05
GRB080816989,3.210673e-06
GRB080817161,5.485771e-05
GRB080817720,1.418652e-06
GRB080818579,3.490585e-06
GRB080818945,1.710925e-06
GRB080821332,3.241583e-06
GRB080823363,6.618761e-06
GRB080824909,3.356243e-06
GRB080825593,3.733617e-05
GRB080828189,2.027299e-07
GRB080829790,2.064983e-06
GRB080830368,5.276298e-06
GRB080831053,5.991563e-08
GRB080831921,4.193548e-06
GRB080904886,4.361836e-06
GRB080905499,3.929066e-07
GRB080905570,3.234359e-06
GRB080905705,1.96355e-06
GRB080906212,8.574833e-06
GRB080912360,2.466215e-06
GRB080913735,2.326203e-06
GRB080916009,8.399932e-05
GRB080916406,1.295614e-05
GRB080919790,1.107644e-07
GRB080920268,6.252591e-07
GRB080924766,3.709199e-06
GRB080925775,1.896096e-05
GRB080927480,2.675461e-06
GRB080928628,1.986763e-06
GRB081003644,1.020803e-05
GRB081006604,1.723555e-06
GRB081006872,8.133626e-07
GRB081008832,7.346521e-06
GRB081009140,3.790611e-05
GRB081009690,1.101402e-05
GRB081012045,1.171125e-06
GRB081012549,2.759853e-06
GRB081017474,6.854987e-07
GRB081021398,3.770929e-06
GRB081022364,1.432732e-06
GRB081024245,1.776127e-07
GRB081024851,5.582613e-06
GRB081024891,5.283829e-07
GRB081025349,6.528397e-06
GRB081028538,1.796079e-06
GRB081101167,2.52766e-07
GRB081101491,1.866612e-07
GRB081101532,1.659027e-05
GRB081102365,9.431494e-07
GRB081102739,3.476497e-06
GRB081105614,1.22189e-07
GRB081107321,1.246091e-06
GRB081109293,6.842292e-06
GRB081110601,8.567895e-06
GRB081113230,3.054319e-07
GRB081115891,9.292194e-08
GRB081118876,6.04455e-06
GRB081119184,1.015184e-07
GRB081120618,2.032306e-06
GRB081121858,1.479044e-05
GRB081122520,7.386609e-06
GRB081122614,1.212726e-07
GRB081124060,1.016927e-05
GRB081125496,1.808941e-05
GRB081126899,9.744997e-06
GRB081129161,1.42722e-05
GRB081130212,3.312581e-07
GRB081130629,1.921178e-06
GRB081204004,9.647749e-07
GRB081204517,2.818785e-07
GRB081206275,4.969039e-06
GRB081206604,6.34343e-07
GRB081206987,1.041952e-06
GRB081207680,6.097764e-05
GRB081209981,1.481328e-06
GRB081213173,1.223058e-07
GRB081215784,5.403095e-05
GRB081215880,2.498509e-06
GRB081216531,3.07739e-06
GRB081217983,8.059529e-06
GRB081221681,2.868932e-05
GRB081222204,1.207305e-05
GRB081223419,7.489789e-07
GRB081224887,3.671958e-05
GRB081225257,4.732775e-06
GRB081226044,4.610719e-07
GRB081226156,7.817988e-06
GRB081226509,3.767622e-07
GRB081229187,3.414902e-07
GRB081229675,
GRB081230871,6.161132e-08
GRB081231140,2.006911e-05
GRB090101758,1.186272e-05
GRB090102122,3.32971e-05
GRB090107681,3.901429e-06
GRB090108020,7.766709e-07
GRB090108322,3.261197e-07
GRB090109332,1.892927e-07
GRB090112332,4.423749e-06
GRB090112729,9.480557e-06
GRB090113778,1.385283e-06
GRB090117335,1.957785e-06
GRB090117632,1.683739e-05
GRB090117640,1.984507e-06
GRB090120627,2.05302e-07
GRB090126227,1.111412e-06
GRB090126245,
GRB090129880,5.308983e-06
GRB090131090,2.028893e-05
GRB090202347,8.974464e-06
GRB090206620,7.304911e-07
GRB090207777,3.308679e-06
GRB090213236,
GRB090217206,3.162088e-05
GRB090219074,1.596811e-07
GRB090222179,4.837002e-06
GRB090225009,6.17455e-07
GRB090227310,9.403241e-06
GRB090227772,8.934871e-06
GRB090228204,5.71936e-06
GRB090228976,9.984581e-07
GRB090301315,2.49972e-06
GRB090304216,1.702729e-06
GRB090305052,2.197733e-06
GRB090306245,1.059947e-06
GRB090307167,6.139924e-07
GRB090308734,2.986412e-06
GRB090309767,4.685404e-06
GRB090310189,5.537145e-06
GRB090316311,1.235038e-06
GRB090319622,5.584534e-06
GRB090320045,5.106658e-07
GRB090320418,7.495106e-07
GRB090320801,1.468201e-06
GRB090323002,0.0001286726
GRB090326633,1.654688e-06
GRB090327404,3.054833e-06
GRB090328401,5.250258e-05
GRB090328713,8.183772e-07
GRB090330279,1.59492e-05
GRB090331681,5.059652e-07
GRB090403314,1.215093e-06
GRB090405663,3.255543e-07
GRB090409288,4.025201e-07
GRB090411838,8.86156e-06
GRB090411991,8.06767e-06
GRB090412061,1.096565e-07
GRB090413122,3.442615e-06
GRB090418816,3.775959e-07
GRB090419997,1.031969e-05
GRB090422150,7.433494e-07
GRB090423330,1.057303e-06
GRB090424592,4.704599e-05
GRB090425377,1.517783e-05
GRB090426066,4.175601e-07
GRB090426690,2.842708e-06
GRB090427644,3.14042e-07
GRB090427688,1.487269e-06
GRB090428441,9.889293e-07
GRB090428552,6.478108e-06
GRB090429530,2.980399e-06
GRB090429753,1.198842e-06
GRB090502777,3.451796e-06
GRB090509215,2.904062e-06
GRB090510016,4.421703e-06
GRB090510325,1.841567e-06
GRB090511684,1.19356e-06
GRB090513916,7.16119e-06
GRB090513941,6.724277e-07
GRB090514006,5.77113e-06
GRB090514726,2.097321e-06
GRB090514734,6.227755e-06
GRB090516137,2.994027e-05
GRB090516353,2.309453e-05
GRB090516853,5.0585e-06
GRB090518080,1.109195e-06
GRB090518244,2.018874e-06
GRB090519462,9.552974e-07
GRB090519881,4.764208e-06
GRB090520832,1.068391e-07
GRB090520850,2.966428e-06
GRB090520876,5.316013e-06
GRB090522344,9.624748e-07
GRB090524346,1.42671e-05
GRB090528173,7.683158e-06
GRB090528516,4.524802e-05
GRB090529310,2.045484e-06
GRB090529564,9.814255e-06
GRB090530760,6.197762e-05
GRB090531775,1.511602e-06
GRB090602564,6.659991e-06
GRB090606471,3.211738e-07
GRB090608052,2.437628e-06
GRB090610648,1.889089e-06
GRB090610723,2.352206e-06
GRB090610883,1.479937e-06
GRB090612619,5.686003e-06
GRB090616157,1.762978e-07
GRB090617208,1.116921e-06
GRB090618353,0.0002744125
GRB090620400,1.496541e-05
GRB090620901,1.310395e-07
GRB090621185,6.876474e-06
GRB090621417,5.440554e-06
GRB090621447,2.400075e-06
GRB090621922,4.896397e-07
GRB090623107,2.203883e-05
GRB090623913,7.38386e-06
GRB090625234,1.805561e-06
GRB090625560,2.028037e-06
GRB090626189,7.819278e-05
GRB090626707,1.648155e-06
GRB090629543,4.140384e-07
GRB090630311,9.40523e-07
GRB090701225,1.192561e-06
GRB090703329,1.285403e-06
GRB090704242,1.206996e-05
GRB090704783,3.074084e-06
GRB090706283,9.117297e-07
GRB090708152,1.105812e-06
GRB090709630,2.787533e-06
GRB090711850,9.371472e-06
GRB090712160,9.208504e-06
GRB090713020,7.902915e-06
GRB090717034,2.688043e-05
GRB090717111,1.579455e-07
GRB090718720,1.184869e-06
GRB090718762,2.379136e-05
GRB090719063,4.855722e-05
GRB090720276,2.61814e-06
GRB090720710,1.028772e-05
GRB090725838,2.841634e-06
GRB090726218,
GRB090730608,2.353202e-06
GRB090802235,6.202924e-07
GRB090802666,3.059814e-06
GRB090804940,1.245038e-05
GRB090805622,3.911114e-06
GRB090807832,1.654177e-06
GRB090809978,2.271942e-05
GRB090810659,7.776309e-06
GRB090810781,4.075772e-06
GRB090811696,1.832673e-06
GRB090813174,2.657077e-06
GRB090814368,8.527011e-07
GRB090814950,1.237316e-05
GRB090815300,1.113277e-06
GRB090815438,3.50575e-06
GRB090815946,2.983781e-06
GRB090817036,4.789154e-06
GRB090819607,2.552247e-07
GRB090820027,0.0001549104
GRB090820509,1.169899e-06
GRB090823133,1.32474e-06
GRB090824918,3.376315e-06
GRB090826068,1.014399e-06
GRB090828099,1.971245e-05
GRB090829672,9.152481e-05
GRB090829702,5.019695e-06
GRB090831317,1.518895e-05
GRB090902401,3.722898e-06
GRB090902462,0.0002793822
GRB090904058,2.201376e-05
GRB090904581,3.827083e-06
GRB090907017,6.500821e-06
GRB090907808,1.383671e-06
GRB090908314,2.337312e-06
GRB090908341,7.272194e-06
GRB090909487,3.200037e-06
GRB090909854,1.914309e-07
GRB090910812,2.017737e-05
GRB090912660,3.712854e-06
GRB090915650,3.095051e-06
GRB090917661,1.024764e-06
GRB090920035,2.447222e-06
GRB090922539,1.207379e-05
GRB090922605,7.305814e-06
GRB090924625,4.938259e-07
GRB090925389,9.166301e-06
GRB090926181,0.000152888
GRB090926914,7.573062e-06
GRB090927422,2.838048e-07
GRB090928646,2.575506e-06
GRB090929190,1.020238e-05
GRB091002685,4.99779e-07
GRB091003191,3.602003e-05
GRB091005679,1.436725e-06
GRB091006360,1.69055e-07
GRB091010113,1.077439e-05
GRB091012783,3.246981e-06
GRB091013989,2.019765e-06
GRB091015129,7.212639e-07
GRB091017861,8.264581e-07
GRB091017985,1.318017e-06
GRB091018957,2.848914e-07
GRB091019750,8.67618e-08
GRB091020900,8.007822e-06
GRB091020977,1.405594e-05
GRB091023021,8.599774e-07
GRB091024372,9.345044e-06
GRB091024380,5.406559e-05
GRB091026485,8.779462e-07
GRB091026550,2.485045e-06
GRB091030613,4.874083e-06
GRB091030828,3.312749e-05
GRB091031500,2.081311e-05
GRB091101143,7.202815e-06
GRB091102607,2.931251e-06
GRB091103912,6.239736e-06
GRB091106762,2.315269e-06
GRB091107635,1.053984e-06
GRB091109895,1.593414e-06
GRB091112737,1.032466e-05
GRB091112928,5.640913e-06
GRB091115177,4.996022e-06
GRB091117080,3.084165e-06
GRB091120191,2.566483e-05
GRB091122163,5.241829e-07
GRB091123081,1.586003e-06
GRB091123298,5.316796e-05
GRB091126333,5.062275e-07
GRB091126389,
GRB091127976,1.828421e-05
GRB091128285,3.953709e-05
GRB091201089,8.874826e-07
GRB091202072,1.034929e-06
GRB091202219,7.011274e-06
GRB091207333,4.023269e-06
GRB091208410,7.66817e-06
GRB091209001,5.751296e-06
GRB091215234,1.198248e-06
GRB091219462,1.478571e-06
GRB091220442,5.439304e-06
GRB091221870,1.373864e-05
GRB091223191,2.396385e-07
GRB091223511,1.647088e-05
GRB091224373,8.773792e-08
GRB091227294,7.639694e-06
GRB091230260,3.955091e-07
GRB091230712,2.012297e-06
GRB091231206,9.6391e-06
GRB091231540,1.739535e-06
GRB100101028,2.448506e-07
GRB100101988,3.545648e-07
GRB100107074,1.09305e-07
GRB100111176,1.145229e-06
GRB100112418,9.465535e-07
GRB100116897,3.73095e-05
GRB100117879,3.721811e-07
GRB100118100,2.799748e-06
GRB100122616,1.340702e-05
GRB100126460,5.864995e-07
GRB100130729,9.260095e-06
GRB100130777,1.234346e-05
GRB100131730,7.323119e-06
GRB100201588,1.214975e-05
GRB100204024,1.159679e-05
GRB100204566,4.437028e-06
GRB100204858,5.323264e-08
GRB100205490,1.463235e-06
GRB100206563,9.699391e-07
GRB100207665,1.377107e-06
GRB100207721,6.293536e-07
GRB100208386,1.235406e-07
GRB100210101,2.844131e-06
GRB100211440,1.330914e-05
GRB100212550,3.36661e-06
GRB100212588,3.15434e-07
GRB100216422,3.510797e-07
GRB100218194,1.97715e-06
GRB100219026,5.632323e-06
GRB100221368,2.116078e-06
GRB100223110,1.517357e-06
GRB100224112,9.286969e-06
GRB100225115,6.621626e-06
GRB100225249,1.214589e-06
GRB100225580,7.943157e-06
GRB100225703,4.013818e-06
GRB100228544,1.245359e-06
GRB100228873,9.512035e-07
GRB100301068,2.858684e-07
GRB100301223,2.40313e-06
GRB100302061,6.909341e-07
GRB100304004,8.321425e-06
GRB100304534,2.773807e-06
GRB100306199,2.271503e-07
GRB100307928,1.215196e-06
GRB100311518,3.36728e-06
GRB100313288,4.872082e-06
GRB100313509,3.204513e-06
GRB100315361,1.376887e-06
GRB100318611,1.185133e-06
GRB100322045,6.368571e-05
GRB100323542,4.54604e-06
GRB100324172,4.480058e-05
GRB100325246,1.107414e-06
GRB100325275,3.034231e-06
GRB100326294,3.140652e-07
GRB100326402,1.660621e-05
GRB100328141,1.476281e-06
GRB100330309,4.285381e-06
GRB100330856,4.814164e-07
GRB100401297,2.486227e-06
GRB100406758,9.004356e-07
GRB100410356,9.549474e-07
GRB100410740,1.096892e-05
GRB100411516,1.438765e-07
GRB100413732,1.303071e-05
GRB100414097,9.188287e-05
GRB100417166,1.911927e-07
GRB100417789,1.176047e-06
GRB100420008,3.891119e-06
GRB100421917,7.098869e-06
GRB100423244,1.223626e-05
GRB100424729,7.522525e-06
GRB100424876,1.183981e-05
GRB100427356,2.765597e-06
GRB100429999,3.169995e-06
GRB100502356,1.693152e-05
GRB100503554,1.429657e-05
GRB100504806,2.251012e-06
GRB100506653,3.473617e-06
GRB100507577,7.190212e-06
GRB100510810,2.980148e-06
GRB100511035,3.13599e-05
GRB100513879,4.81994e-06
GRB100515467,5.729539e-06
GRB100516369,8.360389e-08
GRB100516396,5.560424e-08
GRB100517072,6.498289e-06
GRB100517132,1.975467e-06
GRB100517154,2.268125e-06
GRB100517243,1.749263e-06
GRB100517639,2.623847e-06
GRB100519204,1.668431e-05
GRB100522157,3.889746e-06
GRB100525744,6.525079e-07
GRB100527795,1.001213e-05
GRB100528075,2.97602e-05
GRB100530737,1.324579e-06
GRB100604287,5.932562e-06
GRB100605774,1.017163e-06
GRB100608382,2.431136e-06
GRB100609783,1.175771e-05
GRB100612545,2.684484e-06
GRB100612726,1.531335e-05
GRB100614498,1.340002e-05
GRB100615083,1.327942e-05
GRB100616773,2.081631e-07
GRB100619015,7.005313e-06
GRB100620119,6.447792e-06
GRB100621452,1.157069e-05
GRB100621529,
GRB100625773,1.270272e-06
GRB100625891,2.454282e-06
GRB100629801,1.131009e-06
GRB100701490,2.828138e-05
GRB100704149,9.394675e-06
GRB100706693,3.521164e-07
GRB100707032,9.337475e-05
GRB100709602,8.692651e-06
GRB100713980,4.187763e-06
GRB100714672,3.403754e-06
GRB100714686,1.074921e-06
GRB100715477,2.657898e-06
GRB100717372,1.294042e-06
GRB100717446,7.42849e-07
GRB100718160,2.597749e-06
GRB100718796,1.900772e-06
GRB100719311,2.009034e-07
GRB100719825,1.318758e-06
GRB100719989,5.106753e-05
GRB100722096,9.250056e-06
GRB100722291,
GRB100724029,0.0002428736
GRB100725475,7.265322e-06
GRB100727238,1.538152e-06
GRB100728095,0.0001245371
GRB100728439,2.675349e-06
GRB100730463,6.313723e-06
GRB100802240,9.301668e-07
GRB100804104,1.074738e-05
GRB100805300,2.676736e-07
GRB100805845,7.436125e-06
GRB100810049,1.532666e-06
GRB100811108,2.820376e-06
GRB100811781,3.786109e-06
GRB100814160,1.251411e-05
GRB100814351,4.529327e-06
GRB100816009,2.279167e-05
GRB100816026,3.347988e-06
GRB100819498,3.844721e-06
GRB100820373,2.939877e-06
GRB100825287,2.04698e-06
GRB100826957,0.000189643
GRB100827455,1.109372e-06
GRB100829374,8.560674e-06
GRB100829876,1.680797e-05
GRB100831651,2.126689e-06
GRB100902990,2.678332e-06
GRB100905907,2.506846e-06
GRB100906576,2.696683e-05
GRB100907751,6.346392e-07
GRB100910818,1.46087e-05
GRB100911816,9.987342e-07
GRB100915243,7.930856e-07
GRB100916779,7.483104e-07
GRB100918863,0.0001559637
GRB100919884,5.950121e-06
GRB100922625,1.193688e-06
GRB100923844,2.537864e-06
GRB100924165,4.180225e-06
GRB100926595,9.651188e-06
GRB100926694,1.16246e-06
GRB100929235,7.362606e-07
GRB100929315,4.57735e-07
GRB100929916,1.237177e-06
GRB101002279,1.168247e-06
GRB101003244,2.720674e-06
GRB101004426,8.413645e-06
GRB101008697,1.975754e-06
GRB101010190,1.012532e-06
GRB101011707,2.010302e-06
GRB101013412,6.371797e-06
GRB101014175,0.0001787521
GRB101015558,2.626866e-05
GRB101016243,3.648055e-06
GRB101017619,1.443687e-06
GRB101021009,2.694647e-05
GRB101021063,2.415115e-07
GRB101023951,5.827453e-05
GRB101024486,2.363141e-06
GRB101025146,4.592174e-07
GRB101025267,
GRB101026034,3.980647e-07
GRB101027230,1.007693e-07
GRB101030664,4.639036e-06
GRB101031625,3.757507e-07
GRB101101744,1.759257e-06
GRB101101899,1.962551e-06
GRB101102840,2.806542e-06
GRB101104810,1.556948e-06
GRB101107011,4.084975e-06
GRB101112924,2.210036e-06
GRB101112984,4.961531e-06
GRB101113483,4.967297e-06
GRB101116481,1.868291e-07
GRB101117496,1.621509e-05
GRB101119685,
GRB101123952,0.0001199436
GRB101126198,2.716061e-05
GRB101127093,4.934964e-07
GRB101127102,4.09594e-06
GRB101128322,7.054288e-07
GRB101129652,1.866135e-06
GRB101129726,1.796279e-06
GRB101130074,2.176653e-07
GRB101201418,3.096835e-05
GRB101202154,1.218357e-06
GRB101204343,3.943894e-07
GRB101205309,4.023272e-07
GRB101206036,5.695487e-06
GRB101207536,
GRB101208203,4.21726e-07
GRB101208498,6.263073e-06
GRB101211485,1.482436e-06
GRB101213451,1.308809e-05
GRB101213849,1.309288e-06
GRB101214748,2.337847e-07
GRB101214993,1.802126e-06
GRB101216721,2.919024e-06
GRB101219686,2.197642e-06
GRB101220576,1.576463e-05
GRB101220864,4.45814e-06
GRB101223834,2.574257e-06
GRB101224227,2.524463e-07
GRB101224578,3.713212e-06
GRB101224614,3.666655e-06
GRB101224998,1.550262e-06
GRB101225377,1.974635e-05
GRB101227195,3.422828e-06
GRB101227406,1.115774e-05
GRB101227536,8.648033e-06
GRB101231067,1.815886e-05
GRB110101202,1.302959e-07
GRB110101506,1.69896e-06
GRB110102788,4.139725e-05
GRB110105877,1.430027e-05
GRB110106893,1.967129e-06
GRB110107886,1.258696e-05
GRB110108977,8.987662e-07
GRB110112934,4.005888e-07
GRB110117364,7.285962e-07
GRB110117626,6.078318e-06
GRB110118857,2.029521e-06
GRB110119931,1.135456e-05
GRB110120666,2.386983e-05
GRB110123804,2.604621e-05
GRB110124784,4.277106e-07
GRB110125894,1.328256e-06
GRB110128073,6.86812e-07
GRB110130230,2.773216e-06
GRB110131780,1.545679e-07
GRB110201399,3.353033e-06
GRB110204179,2.977269e-06
GRB110205027,4.139508e-07
GRB110205588,3.369731e-06
GRB110206202,1.187578e-06
GRB110207470,4.888393e-06
GRB110207959,5.497303e-07
GRB110209165,6.743776e-07
GRB110212550,6.562502e-07
GRB110213220,1.041511e-05
GRB110213876,1.319299e-07
GRB110217591,5.298589e-07
GRB110220761,2.170097e-06
GRB110221244,3.412133e-06
GRB110226989,2.306105e-06
GRB110227009,2.072875e-07
GRB110227229,2.069073e-06
GRB110227420,1.664452e-06
GRB110228011,4.008366e-06
GRB110228792,1.811194e-06
GRB110301214,3.845651e-05
GRB110302043,3.110961e-06
GRB110304071,3.748536e-06
GRB110307972,4.001456e-07
GRB110311812,1.129913e-06
GRB110316139,5.399481e-08
GRB110318552,7.823855e-06
GRB110319628,1.573628e-06
GRB110319815,3.269061e-06
GRB110321346,1.034834e-06
GRB110322558,3.613099e-06
GRB110328520,2.116673e-05
GRB110331604,2.240752e-06
GRB110401920,1.367534e-06
GRB110402009,7.393064e-06
GRB110407998,2.910519e-05
GRB110409179,3.988735e-07
GRB110410133,6.442187e-06
GRB110410772,7.500558e-07
GRB110411629,3.445453e-06
GRB110412315,3.251503e-06
GRB110413938,2.081271e-06
GRB110415541,6.680416e-06
GRB110420946,3.146443e-07
GRB110421757,1.401767e-05
GRB110422029,1.326023e-07
GRB110424758,1.404138e-07
GRB110426629,5.043329e-05
GRB110428338,1.820003e-05
GRB110428388,2.343007e-05
GRB110430375,7.072786e-06
GRB110503145,3.435048e-06
GRB110505203,1.929652e-06
GRB110509142,3.326202e-06
GRB110509475,5.104272e-07
GRB110511616,9.219481e-07
GRB110517453,1.848575e-07
GRB110517573,8.466614e-06
GRB110520302,1.711899e-06
GRB110521478,4.721291e-06
GRB110522256,3.788356e-06
GRB110522296,2.025028e-06
GRB110522633,3.659875e-06
GRB110523344,1.502776e-06
GRB110526715,1.216029e-06
GRB110528624,7.066753e-06
GRB110529034,2.369185e-06
GRB110529262,7.545235e-06
GRB110529811,3.882271e-06
GRB110531448,2.89845e-06
GRB110601681,1.379587e-05
GRB110605183,2.101291e-05
GRB110605780,2.16004e-07
GRB110609185,7.763396e-07
GRB110609425,3.724623e-06
GRB110610640,1.14324e-05
GRB110613631,5.899717e-06
GRB110616648,1.800137e-06
GRB110618366,6.372038e-05
GRB110618760,1.069619e-05
GRB110622158,5.470702e-05
GRB110624906,5.524213e-07
GRB110625579,3.237371e-06
GRB110625881,7.054383e-05
GRB110626448,1.049571e-06
GRB110629174,3.04461e-06
GRB110702187,4.594368e-06
GRB110703557,9.014559e-07
GRB110705151,3.9453e-06
GRB110705364,1.265743e-05
GRB110706202,5.176352e-06
GRB110706477,1.077786e-05
GRB110706728,3.002927e-06
GRB110706977,5.72211e-06
GRB110709463,6.396883e-06
GRB110709642,4.337523e-05
GRB110709862,1.148109e-06
GRB110710954,7.974888e-06
GRB110716018,8.79622e-07
GRB110717180,3.749895e-07
GRB110717319,4.801884e-05
GRB110720177,6.561738e-06
GRB110721200,3.923003e-05
GRB110722694,2.68596e-05
GRB110722710,2.741049e-06
GRB110725236,1.779333e-06
GRB110726211,4.185636e-06
GRB110728056,3.228508e-07
GRB110729142,5.625836e-05
GRB110730008,9.807768e-07
GRB110730660,5.718925e-06
GRB110731465,2.230622e-05
GRB110801335,5.442304e-07
GRB110803783,4.674182e-06
GRB110806934,7.312534e-06
GRB110809461,4.645022e-06
GRB110812899,1.16635e-06
GRB110813237,6.443725e-06
GRB110817191,1.802011e-05
GRB110818860,6.299136e-06
GRB110819665,2.108498e-06
GRB110820476,6.351044e-07
GRB110824009,1.870417e-05
GRB110825102,4.935871e-05
GRB110825265,1.664257e-06
GRB110828575,4.460636e-06
GRB110831282,6.982363e-06
GRB110901230,2.147211e-06
GRB110903009,1.348805e-05
GRB110903111,3.399169e-05
GRB110904124,1.092006e-05
GRB110904163,2.215e-06
GRB110904531,4.432209e-06
GRB110906302,4.209343e-06
GRB110909116,6.474488e-06
GRB110911071,
GRB110916016,9.680271e-08
GRB110919634,2.692052e-05
GRB110920338,3.304684e-06
GRB110920546,0.0001589109
GRB110921444,6.28234e-06
GRB110921577,4.204595e-06
GRB110921912,3.86439e-05
GRB110923481,
GRB110923835,3.518293e-06
GRB110926107,1.168219e-05
GRB110928180,1.375336e-05
GRB110929187,2.724545e-06
GRB110930564,3.557926e-06
GRB111001804,1.452807e-07
GRB111003465,2.369921e-05
GRB111005398,2.135268e-06
GRB111008992,2.667771e-06
GRB111009282,1.653339e-05
GRB111010237,7.405455e-06
GRB111010660,1.73895e-06
GRB111010709,1.222721e-05
GRB111010899,1.139829e-06
GRB111011094,5.860063e-07
GRB111012456,2.024592e-05
GRB111012811,3.520641e-06
GRB111015427,1.737766e-05
GRB111017657,2.20853e-05
GRB111018595,1.14466e-06
GRB111018785,2.334848e-06
GRB111022854,2.601102e-07
GRB111024722,1.711737e-05
GRB111024896,2.551907e-07
GRB111025078,2.76936e-06
GRB111103441,4.28741e-06
GRB111103948,7.673797e-07
GRB111105457,2.278443e-06
GRB111107035,1.859638e-06
GRB111107076,8.900253e-06
GRB111109453,1.206344e-06
GRB111109873,5.27262e-06
GRB111112908,1.051278e-06
GRB111113410,3.093676e-06
GRB111114233,1.689042e-06
GRB111117510,6.823717e-07
GRB111117526,2.179862e-06
GRB111120556,6.739148e-06
GRB111124308,7.81857e-07
GRB111127810,9.52573e-06
GRB111201599,2.603026e-06
GRB111203054,5.230165e-06
GRB111203609,9.061503e-07
GRB111207512,4.858491e-08
GRB111208353,4.495124e-06
GRB111216389,4.955842e-05
GRB111220486,5.655086e-05
GRB111221739,4.19421e-06
GRB111222619,5.671148e-06
GRB111226795,1.137119e-05
GRB111228453,2.760713e-06
GRB111228657,1.550256e-05
GRB111230683,3.684572e-06
GRB111230819,2.873464e-06
GRB111231622,
GRB120101354,1.265789e-07
GRB120102095,1.32225e-05
GRB120102416,2.955197e-06
GRB120105584,2.697147e-06
GRB120107384,6.799697e-06
GRB120109824,1.449081e-06
GRB120111051,1.603424e-06
GRB120114433,2.155229e-07
GRB120114681,3.187451e-06
GRB120117291,
GRB120118709,2.270152e-06
GRB120118898,1.276165e-06
GRB120119170,3.94007e-05
GRB120119229,1.535793e-05
GRB120119354,2.972738e-06
GRB120120432,2.10329e-06
GRB120121101,1.671112e-06
GRB120121251,1.464663e-05
GRB120122300,3.074681e-06
GRB120129312,1.59395e-07
GRB120129580,5.600596e-05
GRB120130699,4.544118e-06
GRB120130906,6.363288e-07
GRB120130938,9.122519e-06
GRB120203812,1.291915e-06
GRB120204054,9.447477e-05
GRB120205285,5.04841e-08
GRB120206949,6.13778e-06
GRB120210650,3.483816e-07
GRB120212353,1.697414e-07
GRB120212383,1.15256e-06
GRB120213606,2.792065e-06
GRB120217808,1.461117e-06
GRB120217904,5.09494e-06
GRB120218276,1.454622e-05
GRB120219563,1.439812e-06
GRB120220210,1.412199e-06
GRB120222021,1.720407e-06
GRB120222119,1.953448e-06
GRB120223933,2.939855e-06
GRB120224282,1.131813e-05
GRB120224898,5.851461e-06
GRB120226447,1.048158e-05
GRB120226871,6.12403e-05
GRB120227391,8.379619e-06
GRB120227725,2.298279e-05
GRB120302080,2.14738e-06
GRB120302722,1.374287e-07
GRB120304061,4.34329e-06
GRB120304248,1.53392e-05
GRB120308588,6.420894e-06
GRB120312671,1.05454e-06
GRB120314412,1.389579e-07
GRB120316008,2.552767e-05
GRB120319983,3.289972e-06
GRB120323162,1.91566e-06
GRB120323507,1.065695e-05
GRB120326056,3.83702e-06
GRB120327418,2.301921e-07
GRB120328268,8.256711e-05
GRB120331055,8.927105e-07
GRB120402669,3.50851e-06
GRB120403857,4.424379e-07
GRB120410585,4.79709e-07
GRB120411925,2.804566e-06
GRB120412055,7.348944e-07
GRB120412920,9.251587e-06
GRB120415076,3.680635e-06
GRB120415891,4.067388e-07
GRB120415958,1.873527e-06
GRB120420249,2.679791e-06
GRB120420858,2.804835e-05
GRB120426090,2.092828e-05
GRB120426585,3.912692e-06
GRB120427054,7.99378e-06
GRB120427153,4.514011e-07
GRB120429003,3.757045e-07
GRB120429484,2.25099e-06
GRB120430980,5.919935e-07
GRB120504468,3.115593e-06
GRB120504945,1.512428e-06
GRB120506128,6.885609e-07
GRB120509619,1.136123e-07
GRB120510900,7.232258e-06
GRB120511638,1.185164e-05
GRB120512112,1.573593e-05
GRB120513531,1.02343e-06
GRB120519721,2.782897e-06
GRB120520949,5.861418e-07
GRB120521380,1.850161e-06
GRB120522361,1.012428e-05
GRB120524134,2.094065e-07
GRB120526303,0.000135711
GRB120528442,5.084341e-06
GRB120530121,8.644095e-06
GRB120531393,1.559451e-06
GRB120603439,9.006313e-07
GRB120604220,9.981992e-07
GRB120604343,2.016867e-06
GRB120605453,4.067172e-06
GRB120608489,5.231624e-07
GRB120608777,3.059193e-06
GRB120609580,5.610083e-07
GRB120611108,3.777967e-06
GRB120612680,1.431797e-06
GRB120612687,7.106047e-07
GRB120616630,1.660136e-07
GRB120618128,4.724358e-06
GRB120618919,3.459187e-06
GRB120619884,3.353901e-07
GRB120624309,7.137163e-06
GRB120624933,0.0001961507
GRB120625119,1.109495e-05
GRB120629565,9.794613e-08
GRB120701654,
GRB120702891,1.388013e-06
GRB120703417,1.284127e-05
GRB120703498,2.448044e-06
GRB120703726,9.117946e-06
GRB120707800,9.45203e-05
GRB120709883,1.477483e-05
GRB120710100,3.984442e-06
GRB120711115,0.0001975835
GRB120711446,1.83358e-06
GRB120712571,3.521943e-06
GRB120713226,1.183011e-06
GRB120715066,2.356237e-06
GRB120716577,3.777423e-06
GRB120716712,1.288347e-05
GRB120719146,1.882347e-05
GRB120727354,
GRB120727681,8.590014e-06
GRB120728434,0.0001347015
GRB120728934,5.677785e-06
GRB120729456,5.152612e-06
GRB120801920,2.973015e-05
GRB120805706,
GRB120806007,5.137816e-06
GRB120811014,2.420227e-06
GRB120811649,3.288475e-06
GRB120814201,1.316003e-06
GRB120814803,5.99918e-08
GRB120817057,8.723786e-07
GRB120817168,1.849244e-06
GRB120819048,1.815428e-06
GRB120820585,3.634155e-06
GRB120822628,1.015255e-07
GRB120824594,4.202747e-06
GRB120827216,4.051244e-06
GRB120830212,6.285531e-06
GRB120830297,3.76365e-06
GRB120830702,5.82753e-06
GRB120831901,4.317752e-07
GRB120905657,1.410944e-05
GRB120907017,6.913351e-07
GRB120908873,1.846812e-05
GRB120908938,3.357867e-06
GRB120909070,1.813191e-05
GRB120911298,1.185146e-06
GRB120913846,1.425599e-06
GRB120913997,2.087786e-05
GRB120914144,6.699553e-07
GRB120915000,6.977399e-07
GRB120915474,1.214172e-06
GRB120916085,6.370406e-08
GRB120916173,1.978923e-05
GRB120919052,2.107571e-05
GRB120919309,1.777018e-05
GRB120919816,7.506076e-07
GRB120920003,6.632895e-07
GRB120921877,2.317004e-06
GRB120922939,6.143455e-06
GRB120926335,2.07746e-06
GRB120926426,4.68711e-06
GRB120926753,4.050225e-07
GRB121004211,3.55917e-07
GRB121005030,1.649493e-06
GRB121005340,5.197972e-06
GRB121008424,9.107436e-07
GRB121011469,7.217061e-06
GRB121012724,1.120511e-06
GRB121014638,1.240758e-07
GRB121019233,3.549755e-06
GRB121023322,1.511477e-06
GRB121027038,6.899096e-06
GRB121028280,1.85309e-06
GRB121029350,7.314079e-06
GRB121031949,1.455624e-05
GRB121102064,1.299068e-07
GRB121104627,3.390686e-06
GRB121109338,4.880726e-06
GRB121112806,1.963737e-07
GRB121113544,2.327316e-05
GRB121116459,3.55352e-07
GRB121117018,6.146669e-06
GRB121118576,9.792488e-06
GRB121119579,8.804408e-07
GRB121122564,6.207661e-07
GRB121122870,1.094121e-05
GRB121122885,4.270345e-05
GRB121123421,1.263761e-05
GRB121123442,2.315589e-05
GRB121124606,9.624951e-08
GRB121125356,1.042597e-05
GRB121125469,1.22893e-06
GRB121127914,1.46781e-06
GRB121128212,9.948907e-06
GRB121202181,1.798893e-06
GRB121205507,
GRB121210081,1.875715e-06
GRB121211574,4.932275e-07
GRB121211695,1.371464e-06
GRB121216419,4.549267e-07
GRB121217313,4.634414e-06
GRB121220311,7.408826e-07
GRB121221916,4.336002e-06
GRB121223300,7.022184e-06
GRB121225417,7.35048e-05
GRB121229533,3.195354e-06
GRB121231445,2.206602e-06
GRB130104721,5.991804e-06
GRB130106829,1.401043e-06
GRB130106995,1.592312e-05
GRB130109206,1.944151e-06
GRB130112286,2.691163e-06
GRB130112353,1.221935e-06
GRB130114019,1.528113e-06
GRB130115716,4.128489e-06
GRB130116415,
GRB130117087,2.823069e-06
GRB130118482,1.098387e-06
GRB130121835,4.649945e-05
GRB130123843,
GRB130127299,1.418697e-06
GRB130127743,4.919153e-07
GRB130131511,4.925225e-05
GRB130204484,2.972494e-07
GRB130206482,8.470994e-06
GRB130206817,2.773647e-06
GRB130208684,2.454529e-06
GRB130209961,5.987095e-06
GRB130213905,1.294629e-06
GRB130214137,1.023935e-06
GRB130214800,5.712298e-06
GRB130215063,1.762115e-05
GRB130215649,3.457777e-05
GRB130216790,4.994048e-06
GRB130216927,5.664687e-06
GRB130217688,1.167763e-06
GRB130218261,1.326857e-05
GRB130219197,
GRB130219626,1.834681e-07
GRB130219775,3.274795e-05
GRB130220964,6.925328e-06
GRB130224370,4.455397e-06
GRB130228111,1.102343e-05
GRB130228212,1.850174e-05
GRB130304410,4.639472e-05
GRB130304658,1.402983e-06
GRB130305486,5.964722e-05
GRB130305526,2.675702e-06
GRB130306991,0.0001682193
GRB130307126,1.424996e-06
GRB130307238,1.049954e-05
GRB130310840,1.282499e-05
GRB130314147,1.723363e-05
GRB130318456,1.788922e-06
GRB130320560,2.310803e-05
GRB130324042,7.779238e-07
GRB130325005,6.201994e-08
GRB130325203,8.257262e-06
GRB130327350,5.160394e-05
GRB130331566,1.100586e-05
GRB130403866,6.455262e-07
GRB130404428,8.532289e-07
GRB130404840,8.264205e-06
GRB130404877,1.0784e-07
GRB130406288,2.895281e-06
GRB130406334,2.617236e-06
GRB130406354,4.302888e-07
GRB130407800,2.248765e-06
GRB130408653,2.127306e-06
GRB130409960,1.083888e-05
GRB130416690,
GRB130416770,9.426028e-07
GRB130418844,3.378344e-06
GRB130420313,5.756967e-06
GRB130420343,9.276972e-06
GRB130420422,3.92874e-06
GRB130420539,9.600128e-07
GRB130425327,5.18143e-05
GRB130427324,0.001411715
GRB130502327,0.0001141793
GRB130502743,7.235772e-07
GRB130503214,8.36681e-08
GRB130504314,6.01459e-06
GRB130504978,0.0001332742
GRB130505955,1.000089e-05
GRB130507545,6.420624e-06
GRB130509078,1.244828e-05
GRB130509839,1.009049e-06
GRB130510877,3.65265e-06
GRB130514560,2.467602e-06
GRB130515056,1.075059e-06
GRB130515430,1.148498e-06
GRB130515755,7.131447e-07
GRB130517781,2.087036e-05
GRB130518551,4.032289e-06
GRB130518580,9.554577e-05
GRB130522510,3.590159e-06
GRB130523095,7.523818e-06
GRB130523198,2.574979e-06
GRB130527627,9.646475e-06
GRB130528503,2.510601e-06
GRB130528695,9.015444e-06
GRB130530719,7.025635e-06
GRB130604033,1.762447e-05
GRB130606316,8.765047e-06
GRB130606497,0.0002150384
GRB130609129,7.103172e-07
GRB130609902,6.773096e-05
GRB130610133,5.718369e-06
GRB130611538,4.184767e-06
GRB130612141,6.707502e-07
GRB130612456,8.367326e-06
GRB130614997,6.278582e-06
GRB130615398,2.229261e-06
GRB130617564,3.143038e-07
GRB130620498,7.862062e-07
GRB130622615,3.227674e-07
GRB130623130,1.118985e-06
GRB130623396,7.245679e-07
GRB130623488,1.953456e-06
GRB130623699,4.693714e-07
GRB130623790,1.071858e-05
GRB130624093,1.083127e-06
GRB130626452,1.643307e-07
GRB130626596,5.036363e-06
GRB130627372,1.004291e-06
GRB130628531,9.392382e-06
GRB130628860,1.192031e-06
GRB130630272,2.038304e-05
GRB130701060,1.263206e-05
GRB130701761,6.297751e-06
GRB130702004,7.461015e-06
GRB130702951,7.77245e-07
GRB130704560,2.4867e-05
GRB130705398,1.80709e-07
GRB130706900,2.360144e-07
GRB130707505,
GRB130708488,2.694312e-06
GRB130715906,4.446815e-05
GRB130716352,1.707076e-06
GRB130716442,5.838326e-07
GRB130717734,1.043638e-06
GRB130720116,5.544609e-06
GRB130720582,0.0001043683
GRB130722021,
GRB130722990,4.816607e-07
GRB130723092,6.607701e-07
GRB130725527,5.10131e-06
GRB130727698,8.296564e-06
GRB130730243,1.449121e-06
GRB130802730,1.839594e-07
GRB130803419,2.756598e-06
GRB130804023,1.707916e-06
GRB130808253,3.240229e-07
GRB130811186,5.102763e-06
GRB130813791,1.021439e-06
GRB130815420,5.057595e-05
GRB130815660,1.355355e-05
GRB130816074,7.731181e-07
GRB130818941,4.860031e-06
GRB130819394,7.746828e-06
GRB130821674,7.66212e-05
GRB130828306,5.477846e-05
GRB130828808,3.732725e-06
GRB130829672,4.190354e-06
GRB130830864,
GRB130830921,1.52715e-06
GRB130831058,1.702373e-06
GRB130903033,1.533804e-06
GRB130905377,4.525237e-06
GRB130906222,7.137514e-07
GRB130906435,8.427122e-07
GRB130907760,2.876546e-07
GRB130908677,1.191096e-06
GRB130909817,1.824363e-07
GRB130912358,1.158961e-06
GRB130919173,3.620785e-07
GRB130919352,9.278472e-06
GRB130919985,4.013966e-06
GRB130924255,3.294313e-06
GRB130924910,2.436481e-07
GRB130925164,6.756025e-07
GRB130925173,8.666204e-05
GRB130925546,1.189785e-05
GRB130928537,1.027726e-05
GRB130929375,3.653795e-07
GRB131002288,6.528091e-07
GRB131004904,4.403297e-07
GRB131006367,1.428554e-07
GRB131006840,2.881865e-06
GRB131008858,8.725327e-06
GRB131011741,1.129379e-05
GRB131014215,0.0001874842
GRB131014513,2.318479e-06
GRB131018673,1.568018e-06
GRB131020113,2.611259e-07
GRB131021352,1.202047e-06
GRB131024900,1.590604e-06
GRB131028076,0.0001610813
GRB131028096,1.084652e-06
GRB131029973,2.702862e-05
GRB131029990,2.626156e-06
GRB131030653,1.808347e-06
GRB131030791,4.815795e-06
GRB131031482,4.053411e-06
GRB131102622,1.236494e-06
GRB131105087,2.457077e-05
GRB131108024,2.826209e-06
GRB131108862,3.617002e-05
GRB131110373,2.687114e-06
GRB131113483,1.828176e-05
GRB131117766,1.366815e-05
GRB131118958,8.028765e-05
GRB131119781,1.452607e-06
GRB131122490,3.457092e-05
GRB131123543,9.99212e-07
GRB131125689,8.314588e-07
GRB131126163,2.010902e-06
GRB131127480,3.898524e-06
GRB131127592,3.988995e-05
GRB131127696,9.638398e-07
GRB131128629,4.054361e-07
GRB131202633,8.87651e-07
GRB131202906,1.651462e-05
GRB131204937,2.022255e-06
GRB131209547,1.479649e-05
GRB131209963,8.190045e-07
GRB131211510,3.716255e-06
GRB131212814,5.697746e-07
GRB131214705,6.507175e-05
GRB131215298,1.390296e-05
GRB131216081,8.583678e-06
GRB131217108,1.400856e-06
GRB131217183,6.037252e-06
GRB131217506,7.450448e-07
GRB131229277,2.739647e-05
GRB131230529,8.583996e-07
GRB131230808,2.544369e-06
GRB131231198,0.0001537946
GRB140102887,1.844442e-05
GRB140104731,3.936626e-05
GRB140105065,7.937129e-07
GRB140105748,4.053e-07
GRB140106345,2.579281e-06
GRB140108721,1.938861e-05
GRB140109771,1.171948e-07
GRB140109877,
GRB140110263,7.623289e-06
GRB140110411,
GRB140110814,4.907828e-06
GRB140112060,2.759672e-06
GRB140113183,1.487025e-06
GRB140113624,7.307746e-07
GRB140115863,6.519842e-06
GRB140115899,3.232168e-06
GRB140118064,3.103596e-06
GRB140122597,9.551862e-07
GRB140124527,2.05879e-05
GRB140126815,4.37861e-06
GRB140129499,1.725878e-07
GRB140204547,1.93689e-06
GRB140206275,0.0001277081
GRB140206304,1.495317e-05
GRB140209313,9.517869e-06
GRB140211091,6.319588e-07
GRB140213807,2.389217e-05
GRB140216331,1.078906e-06
GRB140217043,2.169874e-06
GRB140218427,4.012637e-06
GRB140219319,4.165813e-06
GRB140219824,2.886709e-06
GRB140223495,2.971582e-06
GRB140224382,2.002359e-06
GRB140224788,3.05943e-06
GRB140227738,5.071763e-07
GRB140302342,8.143693e-06
GRB140304557,1.92294e-06
GRB140304849,7.189758e-06
GRB140306146,7.408822e-05
GRB140308710,7.863553e-06
GRB140311453,1.609852e-06
GRB140311618,3.84212e-06
GRB140311885,7.560988e-06
GRB140319964,6.266985e-06
GRB140320092,3.567551e-07
GRB140322424,1.728688e-06
GRB140323433,3.030687e-05
GRB140327065,1.34166e-06
GRB140328560,6.076977e-07
GRB140329272,2.670754e-07
GRB140329295,7.246927e-05
GRB140330180,4.983824e-06
GRB140402007,4.933252e-07
GRB140404030,1.07498e-06
GRB140404171,8.172826e-06
GRB140404900,5.639873e-06
GRB140405033,2.587659e-06
GRB140406120,1.131942e-05
GRB140406144,1.445291e-06
GRB140408553,1.01646e-06
GRB140414693,6.327705e-06
GRB140416060,7.945742e-05
GRB140422194,1.614347e-06
GRB140423356,2.147512e-05
GRB140426515,1.160136e-06
GRB140427702,4.561876e-07
GRB140428906,9.664979e-07
GRB140429975,6.896264e-07
GRB140430716,8.495176e-06
GRB140501139,1.538224e-07
GRB140501497,5.600135e-06
GRB140502354,1.839007e-06
GRB140506880,4.625277e-06
GRB140508128,6.310113e-05
GRB140508179,9.011649e-07
GRB140508629,4.686347e-06
GRB140511095,3.604498e-07
GRB140511995,8.099849e-06
GRB140512814,4.552397e-05
GRB140513724,3.686742e-06
GRB140516700,2.08655e-06
GRB140516765,8.799113e-06
GRB140517813,6.03841e-06
GRB140518709,9.269064e-08
GRB140519043,3.316413e-06
GRB140521184,3.278718e-06
GRB140521732,3.688817e-06
GRB140523129,5.262299e-05
GRB140526449,6.16031e-06
GRB140526571,1.132821e-07
GRB140528837,2.384659e-05
GRB140603476,1.980823e-05
GRB140605377,8.43586e-07
GRB140606133,9.574422e-06
GRB140608153,1.180197e-05
GRB140608713,1.926528e-06
GRB140610487,2.555414e-07
GRB140610548,2.269529e-05
GRB140610689,1.070919e-05
GRB140612294,4.033462e-06
GRB140616165,
GRB140619475,1.674945e-06
GRB140619490,2.644942e-07
GRB140620219,6.174893e-06
GRB140621827,7.091866e-06
GRB140623224,3.36338e-06
GRB140624423,3.192742e-07
GRB140626843,1.034466e-06
GRB140627401,1.170366e-06
GRB140628626,1.502836e-06
GRB140628704,2.249789e-06
GRB140630505,1.546751e-05
GRB140701567,2.678343e-06
GRB140701833,3.057283e-06
GRB140703026,9.036361e-06
GRB140705539,2.432479e-06
GRB140706815,1.890322e-06
GRB140709051,8.185037e-06
GRB140709637,6.293484e-06
GRB140710537,2.614844e-07
GRB140710901,1.850081e-06
GRB140711691,
GRB140712706,2.866481e-06
GRB140712973,6.310956e-06
GRB140713780,1.01557e-06
GRB140714268,1.624977e-05
GRB140715231,1.240791e-05
GRB140716306,7.165138e-07
GRB140716436,1.032174e-05
GRB140717827,7.930745e-06
GRB140720158,1.932445e-07
GRB140720280,2.467622e-06
GRB140721336,5.394452e-05
GRB140723067,1.362059e-05
GRB140723499,2.342529e-05
GRB140724533,1.794244e-07
GRB140725583,1.444613e-06
GRB140727748,1.127982e-06
GRB140729026,1.163431e-05
GRB140801792,1.201175e-05
GRB140807500,1.742993e-06
GRB140808038,3.221645e-06
GRB140809133,2.113848e-06
GRB140810782,0.0001180915
GRB140817229,2.526632e-06
GRB140817293,4.514308e-06
GRB140818229,3.448172e-05
GRB140818781,1.00493e-06
GRB140819160,7.014109e-07
GRB140821997,6.413337e-05
GRB140824548,2.473712e-06
GRB140824606,1.338838e-05
GRB140825328,8.882123e-06
GRB140825980,7.250262e-07
GRB140827763,1.326359e-05
GRB140828288,3.425129e-06
GRB140829880,2.472536e-06
GRB140831215,
GRB140831374,1.578909e-06
GRB140901262,2.435923e-06
GRB140901821,4.988245e-06
GRB140905454,3.368383e-05
GRB140906175,1.195122e-06
GRB140906429,1.038087e-05
GRB140907429,8.487725e-07
GRB140907672,6.229102e-06
GRB140911012,9.552608e-06
GRB140912664,7.740235e-07
GRB140916234,5.252947e-06
GRB140917512,1.117793e-05
GRB140918379,1.359917e-06
GRB140919636,1.279031e-05
GRB140928100,2.711867e-06
GRB140928437,8.607714e-06
GRB140929677,1.151302e-06
GRB140930134,1.029114e-06
GRB141003564,1.43589e-06
GRB141003788,1.862658e-06
GRB141004150,4.669046e-06
GRB141004973,1.666967e-06
GRB141005217,2.620915e-06
GRB141005535,6.403193e-07
GRB141011282,1.031718e-06
GRB141011467,5.984981e-06
GRB141012773,1.29659e-05
GRB141013803,3.431557e-06
GRB141016897,3.581586e-06
GRB141020439,
GRB141022061,5.884044e-07
GRB141022087,9.529207e-05
GRB141026742,6.814124e-07
GRB141028455,3.98953e-05
GRB141029134,4.192212e-05
GRB141030746,1.917298e-06
GRB141031257,1.21757e-06
GRB141031304,6.028279e-06
GRB141031998,1.448035e-07
GRB141102112,9.782121e-08
GRB141102536,1.607986e-06
GRB141102779,6.787931e-07
GRB141105358,1.27529e-06
GRB141105406,1.337318e-06
GRB141109447,4.576539e-06
GRB141110232,3.719536e-06
GRB141111435,5.632385e-08
GRB141112539,1.070626e-05
GRB141112828,1.387656e-06
GRB141113346,1.543825e-07
GRB141114687,3.492558e-06
GRB141118678,3.539277e-06
GRB141121414,6.473512e-07
GRB141122087,2.471576e-07
GRB141122875,4.152074e-06
GRB141122956,4.397268e-07
GRB141124277,2.436017e-07
GRB141126233,1.998089e-07
GRB141128962,2.046441e-07
GRB141202470,4.748763e-06
GRB141205018,3.276201e-06
GRB141205337,3.302852e-07
GRB141205763,6.888428e-06
GRB141206254,5.353908e-07
GRB141207800,3.662567e-05
GRB141208038,1.905095e-06
GRB141208632,2.152307e-07
GRB141209131,8.576722e-06
GRB141213300,5.010424e-07
GRB141215560,2.861272e-05
GRB141220252,5.545795e-06
GRB141221338,2.861957e-06
GRB141221897,8.543559e-06
GRB141222298,9.250561e-06
GRB141222691,2.61711e-05
GRB141223240,1.091508e-06
GRB141225959,5.91205e-06
GRB141226880,1.981381e-06
GRB141229492,5.222182e-06
GRB141229911,3.991355e-06
GRB141230142,1.817172e-06
GRB141230834,2.686854e-06
GRB141230871,1.700866e-07
GRB150101270,7.150742e-08
GRB150101641,1.059075e-07
GRB150105257,3.76525e-05
GRB150106921,2.011115e-07
GRB150110433,6.119254e-06
GRB150110923,1.026728e-06
GRB150118409,0.0001492126
GRB150118927,1.184777e-06
GRB150120123,1.997888e-07
GRB150120685,1.545957e-06
GRB150122960,3.288484e-06
GRB150126868,3.273805e-05
GRB150127398,2.495752e-05
GRB150127589,6.070635e-05
GRB150127935,1.976485e-06
GRB150128624,2.535808e-07
GRB150128791,
GRB150131335,2.619097e-06
GRB150131951,2.382388e-06
GRB150201040,
GRB150201574,6.614956e-05
GRB150201590,
GRB150202999,3.457647e-05
GRB150203173,9.863849e-07
GRB150203545,3.122467e-06
GRB150204272,2.14408e-06
GRB150206285,3.726967e-06
GRB150206407,1.162903e-06
GRB150208573,
GRB150208929,1.235455e-07
GRB150210935,3.036004e-05
GRB150211239,8.922121e-07
GRB150213001,3.047848e-05
GRB150214293,4.685357e-07
GRB150215026,
GRB150216415,1.753156e-06
GRB150219522,9.459986e-06
GRB150220598,2.764123e-05
GRB150222450,2.563501e-05
GRB150222832,1.884526e-06
GRB150226223,
GRB150226545,8.377662e-06
GRB150226948,6.936951e-07
GRB150227702,2.246155e-06
GRB150228845,7.482535e-06
GRB150228981,1.159439e-05
GRB150301045,1.518684e-07
GRB150301818,4.039379e-06
GRB150303516,6.679413e-07
GRB150305724,8.451906e-07
GRB150306993,2.979424e-05
GRB150309958,4.143302e-05
GRB150312403,1.614563e-07
GRB150313657,1.100969e-06
GRB150314205,8.893367e-05
GRB150316400,8.464605e-08
GRB150318521,2.731061e-06
GRB150319271,9.479393e-06
GRB150320462,5.439927e-07
GRB150322066,4.917634e-06
GRB150323395,1.981505e-05
GRB150323712,1.377393e-06
GRB150324164,6.27722e-06
GRB150324319,7.4566e-06
GRB150325696,2.118325e-07
GRB150326521,5.990323e-07
GRB150326542,2.926842e-06
GRB150329288,1.577559e-06
GRB150330828,0.0001555902
GRB150403913,6.424575e-05
GRB150404733,5.425001e-07
GRB150411026,6.074952e-07
GRB150412507,1.226959e-07
GRB150412931,5.516149e-07
GRB150415029,2.878545e-06
GRB150416773,1.280116e-05
GRB150418819,5.99355e-07
GRB150422294,1.649675e-06
GRB150422703,3.47522e-05
GRB150423285,1.211728e-06
GRB150424403,3.085803e-06
GRB150425617,1.032965e-06
GRB150426594,1.086542e-05
GRB150428305,2.051307e-06
GRB150430015,2.038491e-05
GRB150501017,1.959364e-06
GRB150502435,2.165517e-05
GRB150506398,3.585864e-06
GRB150506630,1.060072e-06
GRB150506972,6.761119e-07
GRB150507026,2.08156e-05
GRB150508945,2.505407e-06
GRB150510139,0.0001075072
GRB150511362,3.605265e-06
GRB150512432,1.306236e-05
GRB150513856,1.645875e-05
GRB150514774,4.574994e-06
GRB150520893,6.005277e-07
GRB150522433,3.170577e-06
GRB150522944,2.269608e-07
GRB150523396,3.689356e-05
GRB150523690,3.067048e-06
GRB150527283,2.065674e-06
GRB150527662,6.952878e-06
GRB150528656,5.248876e-06
GRB150530488,3.430127e-06
GRB150601904,4.096956e-08
GRB150602840,5.365433e-06
GRB150603105,1.286842e-06
GRB150603823,3.902085e-06
GRB150604284,9.919389e-07
GRB150604434,1.142914e-06
GRB150605782,8.045811e-08
GRB150607330,3.365994e-06
GRB150609316,7.898461e-08
GRB150612702,2.298427e-05
GRB150613420,2.460751e-06
GRB150613995,6.939523e-06
GRB150614073,2.564997e-06
GRB150618674,8.529847e-06
GRB150619287,2.067364e-05
GRB150622393,3.275417e-05
GRB150627183,0.0001850305
GRB150628767,5.383771e-07
GRB150629564,6.610927e-07
GRB150630223,1.25518e-05
GRB150630958,2.647652e-06
GRB150702998,2.003733e-05
GRB150703149,5.166087e-06
GRB150703259,1.152235e-05
GRB150705009,3.935953e-06
GRB150705588,1.786767e-07
GRB150707124,2.356039e-05
GRB150708339,1.416781e-05
GRB150710646,9.734763e-07
GRB150711766,6.033714e-06
GRB150712846,2.593977e-06
GRB150715136,3.727054e-07
GRB150716552,1.266811e-06
GRB150717795,1.709088e-06
GRB150718656,1.234037e-06
GRB150721242,1.976836e-05
GRB150721431,1.166803e-07
GRB150721732,1.257878e-06
GRB150723608,2.725936e-06
GRB150724398,2.649252e-06
GRB150724782,3.587838e-05
GRB150726877,1.063222e-05
GRB150727793,5.900213e-06
GRB150728151,6.037175e-07
GRB150729517,2.063054e-05
GRB150802127,1.445921e-05
GRB150802207,1.684556e-06
GRB150804806,7.254778e-06
GRB150805445,5.597108e-06
GRB150805746,3.466162e-07
GRB150806348,7.665502e-06
GRB150809516,7.418928e-06
GRB150810485,2.218386e-06
GRB150811849,4.506677e-06
GRB150815604,2.531931e-06
GRB150817087,9.480186e-06
GRB150817251,6.743218e-06
GRB150819440,7.75118e-06
GRB150820880,5.99191e-07
GRB150821406,7.109942e-05
GRB150822178,2.634429e-06
GRB150824079,2.039484e-05
GRB150824125,1.293697e-06
GRB150826557,4.309783e-06
GRB150827785,2.231425e-06
GRB150828333,4.192727e-06
GRB150828901,5.026e-07
GRB150830128,2.853276e-06
GRB150831930,2.485297e-06
GRB150901924,6.889703e-08
GRB150902733,8.701369e-05
GRB150904479,8.316893e-07
GRB150906944,5.162349e-07
GRB150908408,3.624285e-06
GRB150911315,1.631139e-06
GRB150911588,8.31818e-06
GRB150912443,3.837853e-06
GRB150912600,4.963864e-07
GRB150913161,1.060435e-05
GRB150917148,
GRB150919606,2.598979e-06
GRB150922234,9.655209e-07
GRB150922718,6.455535e-07
GRB150922883,9.767882e-07
GRB150923297,1.498122e-07
GRB150923429,1.647736e-07
GRB150923864,1.298378e-06
GRB150923995,1.431085e-06
GRB150928359,3.441854e-06
GRB151001348,2.106462e-05
GRB151001628,1.532349e-06
GRB151003729,3.114209e-07
GRB151006413,2.0778e-05
GRB151009949,1.141376e-06
GRB151011136,8.564477e-06
GRB151014592,2.154666e-06
GRB151021791,1.283447e-05
GRB151022577,3.587521e-07
GRB151023104,1.226921e-06
GRB151024179,6.336973e-07
GRB151026169,9.853837e-07
GRB151026523,3.353948e-06
GRB151027166,1.729899e-05
GRB151030999,5.493743e-05
GRB151107851,2.807503e-05
GRB151111356,2.053838e-06
GRB151114645,3.984059e-07
GRB151117442,9.435297e-06
GRB151118554,3.559827e-06
GRB151120349,1.048133e-05
GRB151122709,2.335504e-06
GRB151126293,7.377367e-07
GRB151129333,5.355721e-06
GRB151130160,2.172189e-06
GRB151202565,9.777832e-07
GRB151205657,1.598354e-06
GRB151210041,3.948521e-06
GRB151211672,7.15032e-06
GRB151212030,1.269719e-06
GRB151212064,9.631594e-06
GRB151218857,1.005678e-06
GRB151219567,3.391869e-06
GRB151222340,2.203005e-06
GRB151227072,4.835811e-06
GRB151227218,4.491462e-05
GRB151228129,8.352231e-07
GRB151228949,3.126817e-06
GRB151229285,1.007926e-06
GRB151229486,2.208906e-07
GRB151231443,9.376827e-05
GRB151231568,1.23013e-06
GRB160101030,1.763624e-05
GRB160101215,2.938358e-06
GRB160102500,1.180959e-06
GRB160102936,2.799519e-06
GRB160104475,8.270821e-07
GRB160104918,2.450819e-06
GRB160106948,5.094512e-05
GRB160107931,2.861907e-05
GRB160111115,2.857666e-06
GRB160113398,3.473763e-05
GRB160118060,3.456986e-05
GRB160119072,7.479049e-07
GRB160123095,8.126162e-07
GRB160125368,1.292527e-06
GRB160131116,1.478332e-06
GRB160131174,9.641206e-06
GRB160201883,1.048434e-05
GRB160206430,3.752234e-06
GRB160211119,1.875371e-07
GRB160215773,6.429003e-05
GRB160216801,1.041532e-05
GRB160218711,9.394394e-07
GRB160219289,1.479983e-06
GRB160219673,9.860947e-06
GRB160220059,9.748421e-07
GRB160220868,3.486798e-07
GRB160221993,1.390505e-06
GRB160222070,9.108016e-07
GRB160223072,1.078415e-05
GRB160223416,5.085785e-06
GRB160223670,1.595458e-05
GRB160224911,1.444203e-07
GRB160225720,6.167136e-06
GRB160225809,1.620529e-05
GRB160226913,5.430612e-06
GRB160227831,2.073027e-05
GRB160228034,7.846086e-07
GRB160301215,5.394436e-06
GRB160303201,1.682007e-05
GRB160303971,1.532492e-06
GRB160308709,9.200723e-07
GRB160310016,5.056166e-06
GRB160310291,5.138273e-06
GRB160314473,1.115106e-07
GRB160314929,1.076321e-05
GRB160315739,4.332086e-07
GRB160316139,1.195206e-06
GRB160316573,4.182171e-06
GRB160317385,1.674793e-06
GRB160318342,7.334472e-07
GRB160323293,1.125524e-06
GRB160325291,1.975988e-05
GRB160326062,1.830578e-06
GRB160330827,1.187793e-05
GRB160401065,9.479236e-06
GRB160406023,2.5005e-06
GRB160406503,7.686936e-07
GRB160406570,2.6547e-06
GRB160407673,3.119262e-06
GRB160408268,1.277099e-06
GRB160411062,1.584238e-07
GRB160416022,6.661702e-06
GRB160419637,1.208424e-06
GRB160421137,4.281759e-05
GRB160422499,8.98677e-05
GRB160423066,1.015393e-06
GRB160424492,2.852812e-06
GRB160428412,4.104959e-07
GRB160503567,1.816216e-06
GRB160508290,2.125415e-06
GRB160509374,0.0002041443
GRB160512199,9.281302e-06
GRB160512536,3.569688e-06
GRB160513553,
GRB160513962,1.137166e-06
GRB160515819,7.577109e-06
GRB160516237,
GRB160518039,5.686858e-06
GRB160518985,3.546575e-06
GRB160519012,1.388376e-06
GRB160519060,2.79236e-06
GRB160519677,1.053083e-06
GRB160521385,1.356283e-05
GRB160521839,2.644543e-06
GRB160522445,5.216352e-06
GRB160523919,7.113216e-06
GRB160527080,2.612496e-06
GRB160528276,1.110064e-06
GRB160530667,9.800609e-05
GRB160603719,3.777062e-07
GRB160605847,3.725296e-06
GRB160609690,
GRB160609941,1.551928e-06
GRB160612842,8.967882e-07
GRB160621497,3.034423e-06
GRB160623209,4.031126e-06
GRB160624477,3.248579e-07
GRB160625230,5.333043e-06
GRB160625240,1.273089e-06
GRB160625945,0.000668215
GRB160628136,2.007272e-06
GRB160628579,4.091933e-06
GRB160629930,1.891254e-05
GRB160709370,9.444131e-06
GRB160709826,
GRB160710233,9.307972e-07
GRB160711968,9.96605e-07
GRB160714097,1.648841e-07
GRB160716144,3.11011e-06
GRB160717813,2.065835e-05
GRB160718975,2.860943e-06
GRB160720275,2.683324e-06
GRB160720767,0.000146192
GRB160721806,2.963306e-06
GRB160724444,1.135959e-05
GRB160726065,9.340503e-07
GRB160727971,4.97511e-07
GRB160728337,7.422515e-07
GRB160731024,2.342191e-06
GRB160802259,6.341666e-05
GRB160804065,1.240167e-05
GRB160804180,1.958286e-06
GRB160804775,1.322335e-05
GRB160804968,6.09431e-07
GRB160806584,1.365041e-06
GRB160813297,1.209471e-06
GRB160814622,
GRB160815299,1.063105e-06
GRB160815490,1.857676e-06
GRB160816414,6.243973e-07
GRB160816730,3.410267e-05
GRB160818198,1.614188e-06
GRB160818230,4.368329e-07
GRB160819852,1.490578e-05
GRB160820496,8.962972e-07
GRB160821857,0.0005476047
GRB160821937,2.232616e-07
GRB160822672,7.612967e-07
GRB160824598,1.371953e-05
GRB160825799,2.212789e-06
GRB160826938,2.047043e-07
GRB160827586,6.897992e-06
GRB160827616,9.234346e-07
GRB160827837,1.14413e-06
GRB160829334,4.700891e-07
GRB160831411,9.225155e-06
GRB160905471,0.0001120932
GRB160908136,2.095966e-06
GRB160909061,1.972807e-06
GRB160910722,8.573683e-05
GRB160912350,4.306405e-06
GRB160912521,2.567491e-05
GRB160912674,3.272863e-06
GRB160917456,8.897635e-06
GRB160917479,7.646439e-06
GRB160917921,5.863743e-07
GRB160919613,2.714611e-06
GRB160919858,1.175589e-06
GRB160920249,2.279934e-06
GRB160921087,3.38372e-06
GRB160922856,7.114538e-07
GRB160924253,1.482279e-06
GRB160925221,1.329163e-06
GRB160928825,5.297471e-06
GRB160929529,8.336661e-07
GRB161001045,2.358492e-06
GRB161004964,1.90734e-05
GRB161005977,1.243927e-06
GRB161007009,7.131202e-07
GRB161009651,4.525581e-06
GRB161012214,1.123383e-06
GRB161012416,2.076333e-06
GRB161012637,7.297097e-07
GRB161013948,1.601025e-06
GRB161014522,5.083498e-06
GRB161015400,2.178685e-07
GRB161015710,1.079797e-05
GRB161017745,5.792074e-06
GRB161020024,1.251408e-06
GRB161020759,3.131647e-05
GRB161020767,5.057858e-06
GRB161022114,1.020059e-06
GRB161026373,2.151889e-07
GRB161105417,1.424958e-05
GRB161106499,1.398253e-05
GRB161106786,1.439296e-06
GRB161109263,2.18717e-05
GRB161110179,1.302233e-07
GRB161111197,3.446333e-06
GRB161112496,4.345235e-06
GRB161115745,9.944689e-08
GRB161117066,3.075438e-05
GRB161119633,5.635901e-06
GRB161121186,
GRB161125931,5.399283e-06
GRB161128216,6.493187e-07
GRB161129300,8.845243e-06
GRB161201342,2.484838e-06
GRB161205561,4.668244e-06
GRB161206064,3.937996e-05
GRB161207224,5.900674e-07
GRB161207813,5.003479e-06
GRB161210524,1.148525e-06
GRB161212652,6.615565e-07
GRB161213295,
GRB161214722,4.094056e-06
GRB161217128,5.50318e-07
GRB161218222,1.487267e-06
GRB161218356,8.775297e-05
GRB161220605,1.057529e-05
GRB161227498,9.304433e-07
GRB161228032,7.027611e-06
GRB161228388,2.513943e-06
GRB161228405,2.235096e-06
GRB161228553,4.60195e-06
GRB161229878,4.180123e-05
GRB161230298,2.582429e-07
GRB161230511,2.009057e-06
GRB170101116,1.305654e-05
GRB170101374,7.679296e-07
GRB170106968,
GRB170109137,1.414634e-05
GRB170110967,1.650196e-06
GRB170111760,4.480611e-07
GRB170111815,5.02809e-07
GRB170112970,8.637502e-07
GRB170113420,1.96878e-06
GRB170114833,1.469501e-05
GRB170114917,1.910527e-05
GRB170115662,4.891131e-06
GRB170115743,7.451284e-05
GRB170116238,8.899054e-07
GRB170119228,4.403486e-06
GRB170120471,4.499095e-06
GRB170121067,3.682209e-06
GRB170121133,1.997168e-07
GRB170121614,3.487867e-05
GRB170124238,5.697192e-06
GRB170124528,4.450015e-07
GRB170124874,9.029192e-06
GRB170125022,5.696256e-07
GRB170125102,
GRB170126480,9.072562e-06
GRB170127067,7.405791e-06
GRB170127634,7.082076e-07
GRB170130302,4.982069e-06
GRB170130510,9.997687e-06
GRB170130697,1.076238e-06
GRB170131969,5.226735e-06
GRB170203486,1.700553e-07
GRB170205521,1.341688e-06
GRB170206453,1.080258e-05
GRB170207906,6.042044e-05
GRB170208553,2.395222e-05
GRB170208758,3.378059e-06
GRB170208940,9.3176e-06
GRB170209048,9.405477e-06
GRB170210116,0.0001147435
GRB170212034,2.918662e-06
GRB170214649,0.0001976357
GRB170219002,1.06874e-06
GRB170219110,6.531983e-07
GRB170222209,5.094684e-06
GRB170228773,1.07208e-05
GRB170228794,2.63922e-05
GRB170301812,9.234612e-07
GRB170302166,7.257953e-07
GRB170302719,4.628623e-06
GRB170302876,3.073186e-06
GRB170304003,2.15183e-07
GRB170305256,1.282597e-06
GRB170306130,3.778238e-06
GRB170306588,
GRB170307851,1.044497e-06
GRB170308221,2.074945e-05
GRB170310417,1.203301e-06
GRB170310883,2.461472e-06
GRB170313125,2.271284e-06
GRB170315582,1.1928e-06
GRB170316710,8.179286e-06
GRB170317666,1.055239e-05
GRB170318644,7.911387e-07
GRB170323058,1.798954e-06
GRB170323775,3.247396e-06
GRB170325331,5.214858e-07
GRB170326489,9.620909e-07
GRB170329387,1.447952e-05
GRB170402285,7.025982e-06
GRB170402961,4.057445e-06
GRB170403583,5.425012e-07
GRB170403707,7.116976e-06
GRB170405777,8.149546e-05
GRB170409112,0.0003194543
GRB170412917,1.617895e-05
GRB170412988,6.949759e-06
GRB170414551,2.233756e-06
GRB170416583,1.196737e-05
GRB170419898,2.578951e-06
GRB170419983,1.323302e-06
GRB170422343,2.287954e-05
GRB170423719,2.862981e-05
GRB170423872,6.405534e-06
GRB170424425,3.049667e-05
GRB170428136,3.03267e-06
GRB170429799,5.447043e-05
GRB170430204,
GRB170501467,6.617693e-06
GRB170504734,
GRB170506169,6.834241e-07
GRB170510217,5.463439e-05
GRB170511249,3.2619e-05
GRB170511477,
GRB170511648,7.396746e-08
GRB170514152,9.014832e-07
GRB170514180,2.73286e-05
GRB170516808,3.231994e-07
GRB170520202,5.930892e-07
GRB170521882,1.891271e-06
GRB170522657,2.319851e-05
GRB170527480,9.223833e-05
GRB170530581,3.161324e-06
GRB170604603,1.329397e-06
GRB170606968,5.427982e-06
GRB170607946,5.88002e-05
GRB170607971,9.439554e-06
GRB170610689,1.006797e-05
GRB170611937,2.260898e-06
GRB170614255,1.416499e-05
GRB170614486,2.69689e-05
GRB170614505,8.67142e-07
GRB170616047,1.310022e-06
GRB170616165,9.467985e-07
GRB170618475,1.80255e-05
GRB170621784,9.292452e-07
GRB170625692,1.733263e-06
GRB170626401,1.587044e-05
GRB170627931,2.029039e-06
GRB170629537,5.115175e-06
GRB170705115,1.443153e-05
GRB170705200,3.940532e-06
GRB170705244,1.376924e-06
GRB170708046,9.108301e-07
GRB170709334,7.378201e-07
GRB170710340,4.951603e-06
GRB170711019,8.334629e-07
GRB170711713,9.589044e-07
GRB170711931,2.505716e-06
GRB170714049,1.400031e-07
GRB170715878,1.876528e-06
GRB170717952,7.638119e-07
GRB170718152,2.84675e-06
GRB170722525,5.642824e-06
GRB170723076,6.317694e-07
GRB170723677,6.5605e-07
GRB170723882,4.003543e-07
GRB170724543,2.892204e-06
GRB170726249,4.364963e-07
GRB170726794,9.06971e-06
GRB170727841,1.228816e-06
GRB170728961,3.784535e-06
GRB170730133,2.113885e-06
GRB170731751,3.226934e-06
GRB170801690,1.048855e-06
GRB170802638,2.59961e-06
GRB170803172,6.136553e-07
GRB170803415,1.081822e-05
GRB170803729,2.060299e-06
GRB170804911,3.270541e-06
GRB170805901,1.041176e-06
GRB170808065,2.7667e-06
GRB170808936,0.0001194813
GRB170810918,1.297714e-05
GRB170813051,8.199284e-06
GRB170816258,3.196834e-06
GRB170816599,3.825303e-06
GRB170817529,1.538698e-07
GRB170817908,5.440084e-06
GRB170818137,4.51406e-07
GRB170821265,2.677674e-06
GRB170825307,5.471074e-06
GRB170825500,6.851178e-06
GRB170825784,6.955695e-06
GRB170826369,7.160785e-07
GRB170826819,3.582311e-05
GRB170827818,4.887291e-07
GRB170829414,9.7864e-06
GRB170829674,4.950352e-06
GRB170830069,5.931004e-06
GRB170830135,7.308063e-06
GRB170830328,4.213489e-06
GRB170831179,1.939954e-05
GRB170901007,9.71977e-07
GRB170901255,6.062073e-07
GRB170901345,1.70633e-06
GRB170903534,3.378358e-06
GRB170906030,0.0001121058
GRB170906039,2.757369e-06
GRB170906485,4.530675e-07
GRB170910368,9.873553e-07
GRB170911267,1.388029e-06
GRB170912273,3.613535e-06
GRB170912985,1.474172e-07
GRB170915161,8.351661e-06
GRB170915520,5.82045e-07
GRB170916700,1.507877e-06
GRB170918139,1.598665e-07
GRB170921168,6.953162e-05
GRB170923101,4.090276e-06
GRB170923188,4.04593e-06
GRB170923566,5.416316e-07
GRB170926528,3.625312e-06
GRB170926782,4.499893e-07
GRB170928607,1.678463e-06
GRB170929513,1.136519e-06
GRB170929699,2.700388e-06
GRB171002969,2.407144e-06
GRB171004672,1.237041e-05
GRB171004857,1.092123e-06
GRB171007498,5.771378e-07
GRB171008080,
GRB171009138,2.503595e-06
GRB171010792,0.0006718156
GRB171010875,9.222288e-07
GRB171011162,6.319718e-06
GRB171011810,1.425464e-07
GRB171013350,1.707396e-05
GRB171017823,8.736814e-06
GRB171020813,1.212489e-06
GRB171022085,2.808652e-06
GRB171022885,8.634553e-06
GRB171023097,4.549898e-06
GRB171024977,5.66967e-07
GRB171025213,7.209655e-07
GRB171025416,1.264415e-06
GRB171025913,6.339997e-07
GRB171029020,1.278455e-06
GRB171030729,1.393986e-07
GRB171102107,3.151779e-05
GRB171103655,2.728668e-06
GRB171106498,5.04448e-06
GRB171108656,4.364194e-07
GRB171112868,1.191759e-05
GRB171117515,9.651047e-06
GRB171119992,4.88282e-05
GRB171120556,1.947515e-05
GRB171124235,1.117243e-05
GRB171126216,2.896518e-06
GRB171126235,2.546335e-06
GRB171201068,1.135294e-05
GRB171202113,1.145869e-05
GRB171206122,2.135276e-06
GRB171207055,3.952487e-07
GRB171207809,1.658227e-06
GRB171208733,7.258717e-07
GRB171209671,3.260198e-06
GRB171210493,8.204352e-05
GRB171211844,2.089094e-05
GRB171212222,2.554248e-06
GRB171212434,6.663869e-06
GRB171212948,1.475872e-06
GRB171213061,4.229599e-06
GRB171215705,3.717031e-06
GRB171219279,2.753636e-07
GRB171222684,1.873492e-06
GRB171223818,1.254606e-06
GRB171227000,0.0003053173
GRB171230048,1.018313e-05
GRB171230119,4.234312e-07
GRB171230955,1.286942e-05
GRB180102660,6.845726e-07
GRB180103090,
GRB180110608,
GRB180111815,1.71031e-06
GRB180112842,3.492717e-06
GRB180113011,3.323928e-05
GRB180113116,1.512237e-05
GRB180113418,0.0001610811
GRB180116026,2.136287e-06
GRB180116678,1.513289e-05
GRB180119837,2.280756e-06
GRB180120207,6.646044e-05
GRB180122129,1.052922e-06
GRB180123820,1.386513e-07
GRB180124392,6.980305e-06
GRB180125891,1.642544e-05
GRB180126095,1.038177e-05
GRB180127049,2.332266e-06
GRB180127879,2.073328e-06
GRB180128215,2.20993e-07
GRB180128252,8.305714e-06
GRB180128881,
GRB180130049,2.267305e-05
GRB180130744,5.88417e-08
GRB180131528,9.78524e-08
GRB180201706,3.562466e-07
GRB180201780,1.246352e-06
GRB180204109,2.663343e-06
GRB180205184,1.419351e-06
GRB180205323,2.898336e-06
GRB180206203,4.492652e-07
GRB180208764,1.788196e-06
GRB180210517,4.770974e-05
GRB180210991,1.50042e-05
GRB180211754,1.226053e-06
GRB180218635,5.497034e-05
GRB180219482,4.771539e-05
GRB180222239,6.947832e-06
GRB180225417,6.081842e-07
GRB180227211,3.100489e-07
GRB180305393,5.842884e-05
GRB180306479,6.75296e-07
GRB180306973,3.751832e-06
GRB180307073,4.510366e-05
GRB180309322,7.923023e-06
GRB180311074,2.308679e-07
GRB180313978,2.614546e-07
GRB180314030,1.6313e-05
GRB180330891,3.665021e-06
GRB180401280,5.233769e-06
GRB180401846,2.06447e-05
GRB180402406,1.818482e-06
GRB180402481,4.527991e-07
GRB180403565,4.99942e-06
GRB180404091,2.454126e-05
GRB180404848,3.071444e-07
GRB180405169,6.853719e-06
GRB180409346,5.663659e-05
GRB180410336,8.016535e-07
GRB180411519,3.061327e-05
GRB180411546,1.698661e-06
GRB180412425,7.485118e-06
GRB180413118,1.32223e-05
GRB180416340,4.257672e-05
GRB180416924,1.245324e-05
GRB180417689,3.384877e-07
GRB180418281,1.083663e-06
GRB180420031,1.664121e-06
GRB180420107,7.50649e-06
GRB180423033,5.202487e-06
GRB180423266,5.705102e-07
GRB180426005,1.359919e-05
GRB180426549,8.474272e-06
GRB180427442,5.105018e-05
GRB180428102,4.672918e-06
GRB180504136,1.540593e-05
GRB180505540,2.244305e-05
GRB180506077,9.556026e-06
GRB180506902,2.455911e-06
GRB180511364,2.283508e-07
GRB180511437,6.114606e-07
GRB180511606,9.652264e-07
GRB180513815,1.525528e-06
GRB180515814,1.513069e-05
GRB180516229,3.170802e-06
GRB180517309,2.56319e-06
GRB180521935,7.549485e-07
GRB180522607,2.796751e-06
GRB180522678,6.739682e-06
GRB180523782,5.865814e-07
GRB180524416,2.416362e-06
GRB180524920,1.101785e-06
GRB180525151,3.664e-07
GRB180528371,7.185379e-07
GRB180528465,6.094305e-07
GRB180602938,3.027415e-07
GRB180605458,2.367384e-05
GRB180606730,8.88895e-07
GRB180610377,1.026018e-05
GRB180610568,8.523493e-07
GRB180610791,7.514892e-06
GRB180611145,5.561444e-06
GRB180612785,1.745173e-05
GRB180614327,1.997858e-06
GRB180615462,1.691667e-05
GRB180617872,3.297268e-07
GRB180618030,2.15319e-06
GRB180618724,2.521868e-05
GRB180620354,6.344824e-06
GRB180620660,1.251171e-05
GRB180622273,1.826012e-06
GRB180622578,1.584291e-05
GRB180623849,2.009946e-05
GRB180625941,5.212691e-07
GRB180626392,5.605392e-07
GRB180630335,5.735334e-06
GRB180630467,2.449839e-06
GRB180701469,7.306202e-07
GRB180703876,1.985792e-05
GRB180703949,8.600008e-06
GRB180706351,7.252257e-06
GRB180709099,4.402635e-06
GRB180710062,2.711648e-06
GRB180712358,1.000601e-06
GRB180712651,1.353373e-06
GRB180715087,5.343422e-07
GRB180715741,2.08242e-06
GRB180715755,1.642169e-06
GRB180718082,
GRB180718201,
GRB180718763,
GRB180720213,
GRB180720598,0.0003177049
GRB180720933,
GRB180721642,
GRB180722120,
GRB180722418,
GRB180722993,
GRB180723133,
GRB180723757,
GRB180724807,
GRB180724984,
GRB180727594,
GRB180728575,
GRB180728728,
GRB180728882,
GRB180730018,
GRB180731891,
GRB180801276,
GRB180801492,
GRB180803590,
GRB180804554,
GRB180804765,
GRB180804909,
GRB180804931,
GRB180805543,
GRB180806665,
GRB180806944,
GRB180807097,
GRB180809485,
GRB180810278,
GRB180812349,
GRB180814505,
GRB180816088,
GRB180816930,
GRB180818179,
GRB180818520,
GRB180821653,
GRB180822423,
GRB180822562,
GRB180823442,
GRB180826055,
GRB180828790,
GRB180905400,
GRB180906597,
GRB180906759,
GRB180906988,
GRB180910032,
GRB180910156,
GRB180910352,
GRB180912274,
GRB180913783,8.220704e-07
GRB180914522,
GRB180917477,
GRB180922461,
GRB180922734,
GRB180923931,
GRB180925407,
GRB180927993,
GRB180929453,
GRB181002617,
GRB181007385,
GRB181007737,
GRB181008269,
GRB181008877,
GRB181010247,
GRB181014479,
GRB181016718,
GRB181020424,
GRB181020792,
GRB181022846,
GRB181026540,
GRB181027076,
GRB181028590,
GRB181029892,
GRB181103046,
GRB181111654,
GRB181116484,
GRB181117663,
GRB181119606,
GRB181119649,
GRB181120265,
GRB181121307,
GRB181121401,
GRB181122381,
GRB181125092,
GRB181125371,
GRB181126162,5.40925e-07
GRB181126413,
GRB181126729,
GRB181127274,
GRB181128129,
GRB181128751,
GRB181203880,
GRB181206970,
GRB181208188,
GRB181212693,
GRB181215110,
GRB181216551,
GRB181217665,
GRB181221565,
GRB181222279,
GRB181222841,
GRB181224987,
GRB181225489,
GRB181225786,
GRB181226600,
GRB181227262,
GRB181227571,
GRB181228120,
GRB181231144,
GRB181231359,
GRB181231954,
GRB190102258,
GRB190106866,
GRB190107050,
GRB190109217,
GRB190109497,
GRB190110726,
GRB190114873,
GRB190117369,
GRB190118937,
GRB190119249,
GRB190122305,
GRB190123513,
GRB190129515,
GRB190129539,
GRB190131109,
GRB190131964,
GRB190202069,
GRB190202234,
GRB190202634,
GRB190204627,
GRB190205938,
GRB190212482,
GRB190215772,
GRB190217188,
GRB190218330,
GRB190220844,
GRB190222312,
GRB190222537,
GRB190226515,
GRB190228973,
GRB190303240,
GRB190304371,
GRB190304818,
GRB190306943,
GRB190307151,
GRB190308923,
GRB190310398,
GRB190311600,
GRB190312446,
GRB190315512,
GRB190319353,
GRB190319375,
GRB190320052,
GRB190321363,
GRB190323179,
GRB190323303,
GRB190323548,
GRB190323879,
GRB190324348,
GRB190324947,
GRB190325999,
GRB190326314,
GRB190326975,
GRB190327111,
GRB190330694,
GRB190331093,
GRB190401139,
GRB190404293,
GRB190406450,
GRB190406465,
GRB190406745,
GRB190407575,
GRB190407672,
GRB190407788,
GRB190409901,
GRB190411407,
GRB190411579,
GRB190415173,
GRB190419414,
GRB190420981,
GRB190422284,
GRB190422670,
GRB190422957,
GRB190425089,
GRB190427190,
GRB190428783,
GRB190429743,
GRB190501794,
GRB190502168,
GRB190504415,
GRB190504678,
GRB190505051,
GRB190507270,
GRB190507712,
GRB190507970,
GRB190508808,
GRB190508987,
GRB190510120,
GRB190510430,
GRB190511302,
GRB190512611,
GRB190515190,
GRB190517813,
GRB190519309,
GRB190525032,
GRB190530430,
GRB190531312,
GRB190531568,
GRB190531840,
GRB190601325,
GRB190603795,
GRB190604446,
GRB190605974,
GRB190606080,
GRB190607071,
GRB190608009,
GRB190609315,
GRB190610750,
GRB190610834,
GRB190611950,
GRB190612165,
GRB190613172,
GRB190613449,
GRB190615636,
GRB190619018,
GRB190619595,
GRB190620507,
GRB190622368,
GRB190623461,
GRB190626254,
GRB190627481,
GRB190628521,
GRB190630257,
GRB190707285,
GRB190707308,
GRB190708365,
GRB190712018,
GRB190712095,
GRB190714573,
GRB190716019,
GRB190716917,
GRB190719113,
GRB190719499,
GRB190719624,
GRB190720613,
GRB190720964,
GRB190723309,
GRB190724031,
GRB190726642,
GRB190726843,
GRB190727668,
GRB190727846,
GRB190728271,
GRB190731943,
GRB190804058,
GRB190804792,
GRB190805106,
GRB190805199,
GRB190806535,
GRB190806675,
GRB190808498,
GRB190808752,
GRB190810675,
GRB190813520,
GRB190814837,
GRB190817953,
GRB190821716,
GRB190822705,
GRB190824616,
GRB190825171,
GRB190827467,
GRB190828542,
GRB190828614,
GRB190829830,
GRB190830023,
GRB190830264,
GRB190831332,
GRB190831693,
GRB190901890,
GRB190903722,
GRB190904174,
GRB190905985,
GRB190906767,
GRB190910028,
GRB190913155,
GRB190914345,
GRB190915240,
GRB190916590,
GRB190919764,
GRB190921699,
GRB190923617,
GRB190930400,
GRB191001279,
GRB191008297,
GRB191009298,
GRB191011192,
GRB191015327,
GRB191017391,
GRB191017957,
GRB191019469,
GRB191019970,
GRB191022285,
GRB191022341,
GRB191023630,
GRB191026350,
GRB191027638,
GRB191028174,
GRB191028589,
GRB191031025,
GRB191031635,
GRB191031780,
GRB191031891,
GRB191101895,
GRB191108003,
GRB191110587,
GRB191111347,
GRB191111364,
GRB191111547,
GRB191112369,
GRB191113578,
GRB191117006,
GRB191117637,
GRB191118925,
GRB191119261,
GRB191125206,
GRB191125634,
GRB191129141,
GRB191130253,
GRB191130507,
GRB191202867,
GRB191203290,
GRB191205741,
GRB191213254,
GRB191213784,
GRB191220589,
GRB191221802,
GRB191225309,
GRB191225735,
GRB191227069,
GRB191227723,
GRB200101861,
GRB200103678,
GRB200103689,
GRB200105914,
GRB200107810,
GRB200109074,
GRB200110518,
GRB200111633,
GRB200112395,
GRB200112525,
GRB200114153,
GRB200117517,
GRB200119692,
GRB200120962,
GRB200122221,
GRB200125864,
GRB200126466,
GRB200127758,
GRB200128153,
GRB200129409,
GRB200130248,
GRB200130417,
GRB200201040,
GRB200205845,
GRB200206706,
GRB200207058,
GRB200208052,
GRB200211310,
GRB200211813,
GRB200212451,
GRB200215611,
GRB200216380,
GRB200216564,
GRB200219317,
GRB200219413,
GRB200219998,
GRB200221162,
GRB200223814,
GRB200224212,
GRB200224416,
GRB200227306,
GRB200228291,
GRB200228469,
GRB200301320,
GRB200303107,
GRB200306934,
GRB200307894,
GRB200308941,
GRB200311636,
GRB200313071,
GRB200313456,
GRB200317028,
GRB200318941,
GRB200319323,
GRB200320414,
GRB200323006,
GRB200323782,
GRB200325138,
GRB200325620,
GRB200326517,
GRB200327873,
GRB200401292,
GRB200402403,
GRB200402688,
GRB200402824,
GRB200403896,
GRB200403919,
GRB200403974,
GRB200404706,
GRB200405394,
GRB200407265,
GRB200407388,
GRB200411187,
GRB200412290,
GRB200412381,
GRB200415367,5.153219e-06
GRB200416295,
GRB200418865,
GRB200420106,
GRB200421865,
GRB200423579,
GRB200425701,
GRB200501435,
GRB200502574,
GRB200503721,
GRB200505994,
GRB200506020,
GRB200506208,
GRB200506404,
GRB200507662,
GRB200509818,
GRB200509958,
GRB200510445,
GRB200514380,
GRB200517786,
GRB200522650,
GRB200524211,
GRB200525611,
GRB200528436,
GRB200529039,
GRB200529504,
GRB200530031,
GRB200531119,
GRB200601097,
GRB200604778,
GRB200604833,
GRB200605762,
GRB200607362,
GRB200607921,
GRB200609380,
GRB200612201,
GRB200613229,
GRB200614608,
GRB200615250,
GRB200616048,
GRB200616654,
GRB200617679,
GRB200619108,
GRB200619252,
GRB200619492,
GRB200622092,
GRB200623138,
GRB200623752,
GRB200625532,
GRB200626105,
GRB200629535,
GRB200630076,
GRB200630980,
GRB200702892,
GRB200703341,
GRB200703970,
GRB200705674,
GRB200706231,
GRB200706633,
GRB200707072,
GRB200709147,
GRB200710036,
GRB200711461,
GRB200713919,
GRB200714247,
GRB200714344,
GRB200714437,
GRB200714661,
GRB200714774,
GRB200716060,
GRB200716316,
GRB200716957,
GRB200722094,
GRB200723691,
GRB200724213,
GRB200801352,
GRB200801650,
GRB200802491,
GRB200803149,
GRB200803703,
GRB200808469,
GRB200809211,
GRB200809255,
GRB200809654,
GRB200811632,
GRB200816486,
GRB200817393,
GRB200818998,
GRB200824594,
GRB200826187,
GRB200826923,
GRB200829582,
GRB200830413,
GRB200901158,
GRB200903031,
GRB200903113,
GRB200903902,
GRB200904085,
GRB200906550,
GRB200907957,
GRB200908886,
GRB200909168,
GRB200914534,
GRB200915144,
GRB200915846,
GRB200916812,
GRB200919569,
GRB200919964,
GRB200920651,
GRB200920831,
GRB200922718,
GRB200922753,
GRB200923748,
GRB200924235,
GRB200924284,
GRB200924386,
GRB200925610,
GRB200928290,
GRB200928552,
GRB200929204,
GRB201001416,
GRB201004094,
GRB201004365,
GRB201006054,
GRB201007123,
GRB201008443,
GRB201008754,
GRB201011629,
GRB201011837,
GRB201012233,
GRB201016019,
GRB201016136,
GRB201017407,
GRB201019069,
GRB201019484,
GRB201020241,
GRB201020732,
GRB201021111,
GRB201021852,
GRB201026943,
GRB201029847,
GRB201031744,
GRB201103259,
GRB201104001,
GRB201104622,
GRB201104808,
GRB201105215,
GRB201105230,
GRB201105482,
GRB201108645,
GRB201109105,
GRB201111323,
GRB201116035,
GRB201120402,
GRB201120442,
GRB201121062,
GRB201121130,
GRB201127147,
GRB201128746,
GRB201130230,
GRB201201120,
GRB201207977,
GRB201208252,
GRB201213746,
GRB201214672,
GRB201215266,
GRB201216792,
GRB201216963,
GRB201217108,
GRB201218177,
GRB201218798,
GRB201221591,
GRB201221963,
GRB201221978,
GRB201222461,
GRB201223173,
GRB201223749,
GRB201226553,
GRB201227635,
GRB201228102,
GRB201228640,
GRB201229639,
GRB201231447,
GRB201231550,
GRB201231622,
GRB210101620,
GRB210101861,
GRB210102861,
GRB210104477,
GRB210105669,
GRB210108424,
GRB210113379,
GRB210117458,
GRB210119121,
GRB210120299,
GRB210123305,
GRB210125369,
GRB210126417,
GRB210127268,
GRB210201567,
GRB210202841,
GRB210204270,
GRB210204777,
GRB210207603,
GRB210210713,
GRB210211363,
GRB210213741,
GRB210225218,
GRB210226197,
GRB210227115,
GRB210228058,
GRB210228277,
GRB210303425,
GRB210305794,
GRB210306162,
GRB210306397,
GRB210308276,
GRB210308838,
GRB210309999,
GRB210312169,
GRB210315716,
GRB210317381,
GRB210318131,
GRB210323502,
GRB210323918,
GRB210324468,
GRB210324809,
GRB210324833,
GRB210326057,
GRB210328865,
GRB210401970,
GRB210402920,
GRB210404141,
GRB210405351,
GRB210406716,
GRB210406949,
GRB210410037,
GRB210411146,
GRB210411564,
GRB210411688,
GRB210413991,
GRB210415284,
GRB210417957,
GRB210419882,
GRB210420215,
GRB210421455,
GRB210422573,
GRB210424694,
GRB210424778,
GRB210427206,
GRB210429658,
GRB210430904,
GRB210501205,
GRB210501940,
GRB210502295,
GRB210503815,
GRB210504959,
GRB210507778,
GRB210510806,
GRB210511458,
GRB210511477,
GRB210512789,
GRB210515546,
GRB210515623,
GRB210516982,
GRB210518033,
GRB210518545,
GRB210518889,
GRB210519277,
GRB210520797,
GRB210524208,
GRB210524473,
GRB210528586,
GRB210529677,
GRB210529996,
GRB210531500,
GRB210601724,
GRB210602865,
GRB210603907,
GRB210605215,
GRB210605622,
GRB210606164,
GRB210606945,
GRB210610628,
GRB210610827,
GRB210615892,
GRB210615982,
GRB210618072,
GRB210619532,
GRB210619999,
GRB210620204,
GRB210620666,
GRB210621447,
GRB210622064,
GRB210622440,
GRB210624041,
GRB210625891,
GRB210626345,
GRB210626991,
GRB210627312,
GRB210627748,
GRB210701834,
GRB210704684,
GRB210704815,
GRB210706346,
GRB210706571,
GRB210709201,
GRB210711432,
GRB210712405,
GRB210714331,
GRB210715866,
GRB210716485,
GRB210719164,
GRB210721978,
GRB210722871,
GRB210723615,
GRB210724105,
GRB210725048,
GRB210725158,
GRB210726106,
GRB210727410,
GRB210730207,
GRB210731092,
GRB210731367,
GRB210731931,
GRB210801581,
GRB210801649,
GRB210802839,
GRB210803497,
GRB210805002,
GRB210807525,
GRB210807687,
GRB210807955,
GRB210812011,
GRB210812699,
GRB210813038,
GRB210815100,
GRB210820004,
GRB210821291,
GRB210821320,
GRB210822273,
GRB210822729,
GRB210824174,
GRB210826293,
GRB210827416,
GRB210827424,
GRB210903021,
GRB210903077,
GRB210903727,
GRB210904866,
GRB210909447,
GRB210912522,
GRB210915530,
GRB210915630,
GRB210917157,
GRB210919653,
GRB210923124,
GRB210924960,
GRB210925056,
GRB210925800,
