Swift,Fermi
GRB080714,GRB080714745
GRB080725,GRB080725435
GRB080727C,GRB080727964
GRB080804,GRB080804972
GRB080905A,GRB080905499
GRB080905B,GRB080905705
GRB080916A,GRB080916406
GRB080928,GRB080928628
GRB081012,GRB081012549
GRB081024A,GRB081024245
GRB081025,GRB081025349
GRB081101,GRB081101491
GRB081102,GRB081102739
GRB081109A,GRB081109293
GRB081121,GRB081121858
GRB081126,GRB081126899
GRB081221,GRB081221681
GRB081222,GRB081222204
GRB081226A,GRB081226044
GRB090102,GRB090102122
GRB090113,GRB090113778
GRB090129,GRB090129880
GRB090422,GRB090422150
GRB090423,GRB090423330
GRB090424,GRB090424592
GRB090509,GRB090509215
GRB090510,GRB090510016
GRB090516A,GRB090516353
GRB090518,GRB090518080
GRB090519,GRB090519881
GRB090531B,GRB090531775
GRB090618,GRB090618353
GRB090621A,GRB090621185
GRB090621B,GRB090621922
GRB090708,GRB090708152
GRB090709B,GRB090709630
GRB090712,GRB090712160
GRB090813,GRB090813174
GRB090904B,GRB090904058
GRB090912,GRB090912660
GRB090915,GRB090915650
GRB090926B,GRB090926914
GRB090927,GRB090927422
GRB090929A,GRB090929190
GRB091020,GRB091020900
GRB091024,GRB091024372
GRB091026,GRB091026550
GRB091102,GRB091102607
GRB091112,GRB091112737
GRB091127,GRB091127976
GRB091208B,GRB091208410
GRB091221,GRB091221870
GRB100111A,GRB100111176
GRB100117A,GRB100117879
GRB100206A,GRB100206563
GRB100212A,GRB100212588
GRB100216A,GRB100216422
GRB100401A,GRB100401297
GRB100413A,GRB100413732
GRB100427A,GRB100427356
GRB100504A,GRB100504806
GRB100522A,GRB100522157
GRB100615A,GRB100615083
GRB100619A,GRB100619015
GRB100625A,GRB100625773
GRB100704A,GRB100704149
GRB100724A,GRB100724029
GRB100725B,GRB100725475
GRB100727A,GRB100727238
GRB100728A,GRB100728095
GRB100728B,GRB100728439
GRB100802A,GRB100802240
GRB100814A,GRB100814160
GRB100816A,GRB100816026
GRB100906A,GRB100906576
GRB100924A,GRB100924165
GRB101008A,GRB101008697
GRB101011A,GRB101011707
GRB101023A,GRB101023951
GRB101024A,GRB101024486
GRB101030A,GRB101030664
GRB101129A,GRB101129652
GRB101213A,GRB101213451
GRB101219B,GRB101219686
GRB101224A,GRB101224227
GRB110102A,GRB110102788
GRB110106B,GRB110106893
GRB110107A,GRB110107886
GRB110119A,GRB110119931
GRB110128A,GRB110128073
GRB110201A,GRB110201399
GRB110207A,GRB110207470
GRB110213A,GRB110213220
GRB110318A,GRB110318552
GRB110319B,GRB110319815
GRB110402A,GRB110402009
GRB110412A,GRB110412315
GRB110610A,GRB110610640
GRB110625A,GRB110625881
GRB110709A,GRB110709642
GRB110731A,GRB110731465
GRB110818A,GRB110818860
GRB110921A,GRB110921577
GRB111103A,GRB111103441
GRB111107A,GRB111107035
GRB111117A,GRB111117510
GRB111201A,GRB111201599
GRB111208A,GRB111208353
GRB111228A,GRB111228657
GRB120102A,GRB120102095
GRB120114A,GRB120114681
GRB120118B,GRB120118709
GRB120119A,GRB120119170
GRB120212A,GRB120212383
GRB120302A,GRB120302080
GRB120312A,GRB120312671
GRB120326A,GRB120326056
GRB120403B,GRB120403857
GRB120521B,GRB120521380
GRB120624B,GRB120624933
GRB120703A,GRB120703726
GRB120712A,GRB120712571
GRB120728A,GRB120728934
GRB120729A,GRB120729456
GRB120811C,GRB120811649
GRB120907A,GRB120907017
GRB120909A,GRB120909070
GRB120911A,GRB120911298
GRB120913A,GRB120913846
GRB120913B,GRB120913997
GRB120922A,GRB120922939
GRB121011A,GRB121011469
GRB121031A,GRB121031949
GRB121123A,GRB121123421
GRB121125A,GRB121125356
GRB121128A,GRB121128212
GRB121202A,GRB121202181
GRB121211A,GRB121211574
GRB121217A,GRB121217313
GRB130206A,GRB130206817
GRB130215A,GRB130215063
GRB130216A,GRB130216927
GRB130306A,GRB130306991
GRB130420A,GRB130420313
GRB130420B,GRB130420539
GRB130427A,GRB130427324
GRB130502A,GRB130502743
GRB130515A,GRB130515056
GRB130528A,GRB130528695
GRB130609A,GRB130609129
GRB130609B,GRB130609902
GRB130610A,GRB130610133
GRB130612A,GRB130612141
GRB130623A,GRB130623488
GRB130626A,GRB130626452
GRB130627A,GRB130627372
GRB130708A,GRB130708488
GRB130716A,GRB130716442
GRB130727A,GRB130727698
GRB130803A,GRB130803419
GRB130816A,GRB130816074
GRB130912A,GRB130912358
GRB130925A,GRB130925164
GRB131002A,GRB131002288
GRB131004A,GRB131004904
GRB131024B,GRB131024900
GRB131128A,GRB131128629
GRB131202A,GRB131202633
GRB131229A,GRB131229277
GRB140102A,GRB140102887
GRB140108A,GRB140108721
GRB140118A,GRB140118064
GRB140206A,GRB140206304
GRB140209A,GRB140209313
GRB140213A,GRB140213807
GRB140302A,GRB140302342
GRB140304A,GRB140304557
GRB140320A,GRB140320092
GRB140323A,GRB140323433
GRB140402A,GRB140402007
GRB140408A,GRB140408553
GRB140423A,GRB140423356
GRB140502A,GRB140502354
GRB140506A,GRB140506880
GRB140512A,GRB140512814
GRB140521A,GRB140521732
GRB140610A,GRB140610689
GRB140703A,GRB140703026
GRB140706A,GRB140706815
GRB140709A,GRB140709051
GRB140709B,GRB140709637
GRB140713A,GRB140713780
GRB140817A,GRB140817293
GRB140818B,GRB140818781
GRB140828A,GRB140828288
GRB140901B,GRB140901262
GRB140907A,GRB140907672
GRB140919A,GRB140919636
GRB141004A,GRB141004973
GRB141005A,GRB141005217
GRB141022A,GRB141022061
GRB141031A,GRB141031304
GRB141205A,GRB141205337
GRB141220A,GRB141220252
GRB141221A,GRB141221338
GRB141225A,GRB141225959
GRB150110B,GRB150110923
GRB150120A,GRB150120123
GRB150201A,GRB150201574
GRB150203A,GRB150203173
GRB150204A,GRB150204272
GRB150301A,GRB150301045
GRB150301B,GRB150301818
GRB150309A,GRB150309958
GRB150314A,GRB150314205
GRB150323B,GRB150323395
GRB150323C,GRB150323712
GRB150403A,GRB150403913
GRB150430A,GRB150430015
GRB150513A,GRB150513856
GRB150527A,GRB150527283
GRB150530A,GRB150530488
GRB150607A,GRB150607330
GRB150711A,GRB150711766
GRB150727A,GRB150727793
GRB150817A,GRB150817087
GRB150821A,GRB150821406
GRB150831B,GRB150831930
GRB151001A,GRB151001628
GRB151006A,GRB151006413
GRB151027A,GRB151027166
GRB151122A,GRB151122709
GRB151205A,GRB151205657
GRB151228A,GRB151228129
GRB151228B,GRB151228949
GRB151229A,GRB151229285
GRB160104A,GRB160104475
GRB160220A,GRB160220059
GRB160223A,GRB160223072
GRB160325A,GRB160325291
GRB160408A,GRB160408268
GRB160411A,GRB160411062
GRB160419A,GRB160419637
GRB160424A,GRB160424492
GRB160519A,GRB160519012
GRB160612A,GRB160612842
GRB160624A,GRB160624477
GRB160714A,GRB160714097
GRB160726A,GRB160726065
GRB160804A,GRB160804065
GRB160815A,GRB160815490
GRB160821A,GRB160821857
GRB160821B,GRB160821937
GRB160905A,GRB160905471
GRB160912A,GRB160912674
GRB160917A,GRB160917479
GRB161001A,GRB161001045
GRB161004B,GRB161004964
GRB161014A,GRB161014522
GRB161017A,GRB161017745
GRB161022A,GRB161022114
GRB161117A,GRB161117066
GRB161129A,GRB161129300
GRB161214B,GRB161214722
GRB170113A,GRB170113420
GRB170126A,GRB170126480
GRB170127B,GRB170127634
GRB170208A,GRB170208758
GRB170208B,GRB170208940
GRB170307A,GRB170307851
GRB170318B,GRB170318644
GRB170325A,GRB170325331
GRB170405A,GRB170405777
GRB170419B,GRB170419898
GRB170607A,GRB170607971
GRB170626A,GRB170626401
GRB170629A,GRB170629537
GRB170705A,GRB170705115
GRB170710B,GRB170710340
GRB170711A,GRB170711931
GRB170728B,GRB170728961
GRB170803A,GRB170803729
GRB170810A,GRB170810918
GRB170813A,GRB170813051
GRB170903A,GRB170903534
GRB170906A,GRB170906030
GRB170912B,GRB170912273
GRB171007A,GRB171007498
GRB171010B,GRB171010875
GRB171120A,GRB171120556
GRB171222A,GRB171222684
GRB180102A,GRB180102660
GRB180113A,GRB180113116
GRB180204A,GRB180204109
GRB180205A,GRB180205184
GRB180314A,GRB180314030
GRB180402A,GRB180402406
GRB180404B,GRB180404091
GRB180410A,GRB180410336
GRB180411A,GRB180411519
GRB180418A,GRB180418281
GRB180618A,GRB180618030
GRB180620B,GRB180620660
GRB180630A,GRB180630467
GRB180706A,GRB180706351
GRB180715A,GRB180715755
GRB180720B,GRB180720598
